"","baseMean","log2FoldChange","lfcSE","stat","pvalue","padj","gene"
"ENSG00000171621",59.4670681268083,0.983078113435132,0.286506215955004,3.43126277438087,0.00060077833414065,0.00859601771973454,"ENSG00000171621"
"ENSG00000142583",60.0949246586819,2.01765579011971,0.407409844157787,4.95239822761446,7.3304396533091e-07,3.99137418273603e-05,"ENSG00000142583"
"ENSG00000184677",500.448478577987,-0.86339777756198,0.231840491418185,-3.72410260295996,0.00019601120242263,0.00371710556960625,"ENSG00000184677"
"ENSG00000157978",1412.28804670489,-0.785692670671453,0.229619182213239,-3.4217205335302,0.000622262377632303,0.0088145705581357,"ENSG00000157978"
"ENSG00000158006",228.48792563089,-0.671748359140495,0.140665392430589,-4.7755055279284,1.79256366660047e-06,8.38244948471008e-05,"ENSG00000158006"
"ENSG00000134690",55.9388988745943,2.06256352738123,0.392640826939283,5.25305415501322,1.49597526153958e-07,1.04456230926171e-05,"ENSG00000134690"
"ENSG00000126067",886.274890115754,0.825153354267702,0.182199253141263,4.52885146366623,5.93051695717092e-06,0.000221547169185742,"ENSG00000126067"
"ENSG00000173660",431.861248407573,0.895260986299912,0.172024230705758,5.20427257617693,1.94757968775872e-07,1.31527147363659e-05,"ENSG00000173660"
"ENSG00000092853",47.1023273676108,3.25952874598996,0.438673280252787,7.43042462971906,1.0824960355422e-13,4.30270524207316e-11,"ENSG00000092853"
"ENSG00000162396",32.7416694174053,-1.96643677808804,0.321929080597864,-6.1082918462542,1.00703085302358e-09,1.31669284032832e-07,"ENSG00000162396"
"ENSG00000123080",71.1652831843243,1.285954123205,0.254730944868358,5.04828388191928,4.45796389927614e-07,2.66860164259681e-05,"ENSG00000123080"
"ENSG00000157193",174.280975481997,1.01738283712055,0.230613304412555,4.41163982152784,1.02590670844886e-05,0.000341916811777331,"ENSG00000157193"
"ENSG00000154027",127.668130958286,-1.12127195890139,0.329133134208573,-3.40674287199184,0.000657430298751557,0.00918184803751823,"ENSG00000154027"
"ENSG00000137941",8.19876880909809,2.10715990588477,0.615311858990057,3.42453972745359,0.000615841797147347,0.0087651212269797,"ENSG00000137941"
"ENSG00000116133",407.867457351475,1.40629161081997,0.352277012679364,3.99200504206599,6.55169794215804e-05,0.00156688862698494,"ENSG00000116133"
"ENSG00000171502",18.6507700828299,1.29188376788013,0.354379437202194,3.64548174149009,0.000266891364875729,0.00471540721376579,"ENSG00000171502"
"ENSG00000170989",961.684880552678,-1.64005464269575,0.228824161607616,-7.16731411217007,7.64834118274679e-13,2.53338554443183e-10,"ENSG00000170989"
"ENSG00000117525",7.14383549732453,3.64603532476841,0.823606598797097,4.4269136868179,9.55909600534015e-06,0.000326421776649708,"ENSG00000117525"
"ENSG00000228086",35.071188591048,-1.31893913769618,0.286936832689463,-4.59661844502062,4.29402916188212e-06,0.000169999074827182,"ENSG00000228086"
"ENSG00000162627",10.7285923335149,3.83844344528288,1.04969919026865,3.65670801775173,0.000255475102186616,0.00456592822019497,"ENSG00000162627"
"ENSG00000173218",118.068047601077,1.23110632317142,0.188587181906386,6.52804878214117,6.66319974814719e-11,1.23761151209979e-08,"ENSG00000173218"
"ENSG00000079335",435.058007831779,-0.902606017612786,0.180299341260295,-5.0061526087869,5.55287381798478e-07,3.13516517780198e-05,"ENSG00000079335"
"ENSG00000286151",7.18365706487903,2.7437248431972,0.781106905483103,3.51261117260287,0.000443726324496588,0.00682649630521959,"ENSG00000286151"
"ENSG00000024526",11.7738632370227,2.73061140713073,0.543864213438381,5.02075948308393,5.14675720465688e-07,2.95127734362488e-05,"ENSG00000024526"
"ENSG00000135862",124.675535978533,1.92686621037554,0.235190750744648,8.19278055907728,2.55259316682876e-16,2.20566246076325e-13,"ENSG00000135862"
"ENSG00000143228",29.1194081158893,2.19659577501465,0.416437385022305,5.27473241840906,1.3294992840159e-07,9.4704189141692e-06,"ENSG00000143228"
"ENSG00000000457",209.933708369013,-0.583454126372992,0.153936119102867,-3.79023538967551,0.000150504589652339,0.00301180277742913,"ENSG00000000457"
"ENSG00000117592",652.297565961607,0.481890187353676,0.126278630950042,3.8160865676816,0.000135584952886272,0.00275523042296705,"ENSG00000117592"
"ENSG00000121481",186.59642653484,-0.615899375731948,0.167351471896743,-3.68027462651754,0.000232982898966784,0.00423245167647703,"ENSG00000121481"
"ENSG00000143476",70.7874744035221,3.4974679544472,0.38381834409602,9.11230014991738,8.06535561242817e-20,1.78100974934886e-16,"ENSG00000143476"
"ENSG00000117650",20.0098682801518,3.78662733923113,0.593003257579558,6.38550849566474,1.70828858764013e-10,2.78283011399671e-08,"ENSG00000117650"
"ENSG00000143641",638.189267853756,0.745073479058199,0.219445338946668,3.39525771034615,0.000685640295869989,0.00948225173117153,"ENSG00000143641"
"ENSG00000133059",335.298510711236,-0.551519912525045,0.143880234898183,-3.83318746258185,0.000126493482800591,0.00259703664997824,"ENSG00000133059"
"ENSG00000185220",125.894870114389,-1.29250325255858,0.180800027852186,-7.14880007438532,8.75397142735207e-13,2.80607142172895e-10,"ENSG00000185220"
"ENSG00000118193",16.5764842282323,3.12885155976369,0.541176716522197,5.78157090695043,7.40062756460367e-09,7.62072913051468e-07,"ENSG00000118193"
"ENSG00000136636",134.715692780993,0.636196537360066,0.179049571089079,3.55318660352195,0.000380594386050071,0.00607057209338612,"ENSG00000136636"
"ENSG00000007968",154.03840023225,1.91098998303716,0.26687310201352,7.16066912933153,8.02842111472372e-13,2.61568592186917e-10,"ENSG00000007968"
"ENSG00000158714",74.9372800228242,-1.37787223343691,0.318596537296608,-4.32481860954482,1.52657421964153e-05,0.000477781669939461,"ENSG00000158714"
"ENSG00000256029",16.4256375998991,-1.68628307032127,0.428853408803112,-3.93207337450696,8.42163505003676e-05,0.00190845581510183,"ENSG00000256029"
"ENSG00000122188",265.420137778601,-0.800369580990479,0.21589993669103,-3.7071320782084,0.000209619632762456,0.00390073088157402,"ENSG00000122188"
"ENSG00000132763",286.555988577841,0.87101557002264,0.181216708052729,4.80648599890247,1.53606235035932e-06,7.40963668714591e-05,"ENSG00000132763"
"ENSG00000132680",124.076516593198,-0.58874188482818,0.154678910503317,-3.80621949632595,0.000141107162993107,0.00285867865170745,"ENSG00000132680"
"ENSG00000163479",1406.10800194648,0.381297768193472,0.105206147164809,3.62429172124472,0.000289754412025692,0.00496857565539137,"ENSG00000163479"
"ENSG00000135821",7233.41910300082,1.28259044221396,0.262062938585738,4.89420766299751,9.87025744391297e-07,5.1083723031335e-05,"ENSG00000135821"
"ENSG00000153207",431.640347568767,-0.5594051098828,0.141259946482777,-3.96011129701939,7.49148403680292e-05,0.00172921897499908,"ENSG00000153207"
"ENSG00000158710",6542.36975728283,0.455118045223427,0.0950456287577815,4.78841637613098,1.68102584880761e-06,8.01168050820201e-05,"ENSG00000158710"
"ENSG00000244038",2902.3857047519,0.508682096435478,0.142597701338819,3.56725313002645,0.000360742968904868,0.00580518685345372,"ENSG00000244038"
"ENSG00000171163",343.290987023924,-0.582208644240727,0.110405307754334,-5.27337549328891,1.33937130892002e-07,9.50615847577977e-06,"ENSG00000171163"
"ENSG00000083444",892.418907910985,0.757926678507906,0.210888055593659,3.59397632252954,0.000325669445273865,0.00538913784793738,"ENSG00000083444"
"ENSG00000120949",200.266001821834,-1.02342554305616,0.298913436145557,-3.42381913724948,0.00061747701672088,0.00876696797287925,"ENSG00000120949"
"ENSG00000049089",138.293023780728,-0.939897860523247,0.24254543158663,-3.87514147091879,0.000106562771558499,0.00230700274722615,"ENSG00000049089"
"ENSG00000117632",672.293952593017,1.62271148532574,0.355495601545649,4.56464574602444,5.0033850229105e-06,0.000190858491257818,"ENSG00000117632"
"ENSG00000142945",61.5979795257702,2.81205008849156,0.454450135076536,6.18780779549767,6.10066479714563e-10,8.41976473461613e-08,"ENSG00000142945"
"ENSG00000117118",971.285078060419,0.513260037192395,0.123449625832486,4.1576475726938,3.21541562079042e-05,0.000890016295927422,"ENSG00000117118"
"ENSG00000164011",47.9716403694185,-0.780069155007843,0.214208930267966,-3.64162761109917,0.000270919774188052,0.00475722381135901,"ENSG00000164011"
"ENSG00000092621",82.6926279460794,1.42546993653485,0.381441133612139,3.73706402095667,0.000186181530894784,0.00356815018804526,"ENSG00000092621"
"ENSG00000225855",377.224809184359,0.54864213038026,0.131627785303233,4.16813311198956,3.0710458276943e-05,0.000853621885029321,"ENSG00000225855"
"ENSG00000160752",761.309653794545,0.506278162976738,0.118287689780094,4.28005791573028,1.86844684693335e-05,0.000567073188770696,"ENSG00000160752"
"ENSG00000265531",25.5112308778709,2.85405413021369,0.647872100632263,4.40527401539347,1.05650242179629e-05,0.000350533040580624,"ENSG00000265531"
"ENSG00000135776",395.451762548735,0.461950766087946,0.0920792125648681,5.01688441093596,5.25161413428026e-07,2.98201655156246e-05,"ENSG00000135776"
"ENSG00000117410",2894.84009017547,0.624468747997013,0.173858146133976,3.59182909678442,0.000328365172286328,0.00542922581865099,"ENSG00000117410"
"ENSG00000142669",15039.2833008714,0.590771628395577,0.114781488859152,5.14692424943634,2.64792190780275e-07,1.69211575548784e-05,"ENSG00000142669"
"ENSG00000085840",41.9628088897947,2.70253265158262,0.433756803786319,6.23052509607197,4.6487434876913e-10,6.94655098303586e-08,"ENSG00000085840"
"ENSG00000163041",2690.07724429994,0.487081176154396,0.133118686643718,3.65899926174927,0.000253202069534781,0.00453755653728647,"ENSG00000163041"
"ENSG00000185155",6.8415821418109,3.91649433524089,0.820748060146019,4.77185938708659,1.82532924339885e-06,8.49568931693414e-05,"ENSG00000185155"
"ENSG00000143457",110.879128999188,-0.669237775493761,0.173468315787257,-3.85798278179239,0.000114326699739356,0.00241973251397228,"ENSG00000143457"
"ENSG00000143384",7458.65884640487,0.495244852424996,0.133859099904177,3.6997473670413,0.000215814194287277,0.00398614432831351,"ENSG00000143384"
"ENSG00000134248",965.347548935409,0.479051688404405,0.101877047467782,4.70225335648742,2.57305943747949e-06,0.000110926210977152,"ENSG00000134248"
"ENSG00000136630",134.849542201665,1.6162270915182,0.389056281040233,4.15422438932702,3.26392761376276e-05,0.000897196367855063,"ENSG00000136630"
"ENSG00000168653",586.286698069865,0.548854288018299,0.130626565898761,4.20170494601898,2.64912265367329e-05,0.000758111575314582,"ENSG00000168653"
"ENSG00000162777",1515.82728295926,-0.705458496495115,0.185645904677396,-3.80002186270156,0.000144683322883473,0.00291626405576687,"ENSG00000162777"
"ENSG00000117450",1094.19003567807,0.743890491720446,0.15794918200165,4.70968245794824,2.4810302502744e-06,0.000107894956660729,"ENSG00000117450"
"ENSG00000142920",39.7045004915009,-1.27402878841197,0.371651836533731,-3.42801693190702,0.000608007537381459,0.00866525307703309,"ENSG00000142920"
"ENSG00000174151",254.31142623066,-0.805453634080721,0.198484310257158,-4.05802167958348,4.94901745590051e-05,0.00126296206524923,"ENSG00000174151"
"ENSG00000181754",117.553868579869,-1.71579875024052,0.331081957308521,-5.18239883619403,2.19050181601335e-07,1.4415242745513e-05,"ENSG00000181754"
"ENSG00000116221",480.314446674808,0.566357651114441,0.140204291707969,4.03951722315396,5.35613349961797e-05,0.00133896600215607,"ENSG00000116221"
"ENSG00000082512",399.477748107703,-0.725438621528721,0.211313621940611,-3.43299506613257,0.000596952960848095,0.00855977138809166,"ENSG00000082512"
"ENSG00000117399",120.76682476662,3.52524243148517,0.424962520149433,8.29541962958418,1.08202561414454e-16,9.7746259343221e-14,"ENSG00000117399"
"ENSG00000066279",42.7274430373199,3.30408703564511,0.413320654844606,7.99400416339544,1.30625347150999e-15,8.65349383092982e-13,"ENSG00000066279"
"ENSG00000154358",103.186748913865,-0.932152547146988,0.207462276964899,-4.49311827086859,7.01877778701284e-06,0.000256417628196862,"ENSG00000154358"
"ENSG00000196187",1154.61818208224,-0.886084410380729,0.195047200427209,-4.5429229870511,5.54795241792863e-06,0.000207645963001721,"ENSG00000196187"
"ENSG00000183726",1659.63597202386,0.573404007526894,0.124733355539096,4.59703825852076,4.285389536773e-06,0.000169995671963726,"ENSG00000183726"
"ENSG00000197747",3538.09361331411,0.979031333847973,0.206082737923452,4.7506712290072,2.02742533551752e-06,9.19932673928659e-05,"ENSG00000197747"
"ENSG00000123473",51.0037636293785,1.66040194001689,0.304778847506817,5.44789099899643,5.097057718342e-08,4.15159529075118e-06,"ENSG00000123473"
"ENSG00000186603",9.75274115127145,1.7861954714908,0.50082391446963,3.56651393810212,0.00036176157736068,0.00581686859908264,"ENSG00000186603"
"ENSG00000117643",273.352141212298,-1.15068295347642,0.296977470024628,-3.87464730365234,0.000106779237856644,0.00230917363782692,"ENSG00000117643"
"ENSG00000213281",524.354196215597,0.613721331124565,0.152815119548357,4.01610346501322,5.91682874639567e-05,0.00145533483299341,"ENSG00000213281"
"ENSG00000174371",23.0392963749068,3.43434015043985,0.509660574825148,6.73848502332771,1.60046550830815e-11,3.57389342832767e-09,"ENSG00000174371"
"ENSG00000152760",4.92180629816122,4.71962353964953,1.09002594071804,4.32982680810379,1.49226658185605e-05,0.00046778085248907,"ENSG00000152760"
"ENSG00000160789",1402.11628612464,1.16667614259372,0.291481632080974,4.00257173758934,6.26576603892764e-05,0.00152046195674784,"ENSG00000160789"
"ENSG00000180198",154.833637959732,0.770498492247078,0.182512168724778,4.22162805708021,2.42544097204798e-05,0.000702670756246087,"ENSG00000180198"
"ENSG00000116922",93.153782391055,-1.07779580837479,0.210934678315195,-5.10961884970032,3.22809374477275e-07,1.99860233905339e-05,"ENSG00000116922"
"ENSG00000116898",307.339707360184,0.618871121480657,0.124288977411632,4.97929208501749,6.38172692310312e-07,3.55267341371852e-05,"ENSG00000116898"
"ENSG00000163344",310.901166104035,0.496098907583772,0.112450912583652,4.41169303285757,1.0256545632467e-05,0.000341916811777331,"ENSG00000163344"
"ENSG00000163348",428.610495093435,-0.643427076910972,0.146628918576059,-4.38813218537936,1.14328285156791e-05,0.000373096935830224,"ENSG00000163348"
"ENSG00000271601",338.042206836254,-0.740141757611349,0.201666951947154,-3.67011922610552,0.000242437363537018,0.00437620359939573,"ENSG00000271601"
"ENSG00000272195",99.4840297398084,-0.930489148814838,0.266476153816798,-3.49182895162375,0.00047972534844676,0.00727790959926024,"ENSG00000272195"
"ENSG00000143811",274.593608931494,-0.669053849729093,0.126802190312023,-5.27635877647496,1.3177597774933e-07,9.45456960935088e-06,"ENSG00000143811"
"ENSG00000117090",144.845032953333,-1.03377266820173,0.22975913697567,-4.49937565839305,6.81533294090784e-06,0.000250829494199264,"ENSG00000117090"
"ENSG00000078618",1896.34487939805,0.4911036437436,0.142572022614404,3.44460038328714,0.000571904230348437,0.00832066227960822,"ENSG00000078618"
"ENSG00000221978",1855.41619714989,-0.709312241272402,0.148428668549244,-4.77880889322316,1.76336697636531e-06,8.26536681327455e-05,"ENSG00000221978"
"ENSG00000175707",18.7020533815814,-1.90654899604155,0.398682940528725,-4.78211832568789,1.73457520208728e-06,8.16894492092004e-05,"ENSG00000175707"
"ENSG00000184678",370.971165209428,1.20349596992915,0.35146570349987,3.42422022389333,0.000616566341718709,0.0087651212269797,"ENSG00000184678"
"ENSG00000159176",760.083862697401,0.456955183439597,0.0897202176359004,5.09311273958337,3.52232101328154e-07,2.16057431536906e-05,"ENSG00000159176"
"ENSG00000116489",3193.91186550312,0.624032995091599,0.152023372092486,4.10484905381494,4.045789650039e-05,0.00107351166228138,"ENSG00000116489"
"ENSG00000143776",22.4704304415806,1.80056602795899,0.390859499624444,4.6066835517342,4.0914191371611e-06,0.000163607372096458,"ENSG00000143776"
"ENSG00000085999",35.186325922946,2.46318075595786,0.424039691847559,5.80884479286758,6.29053703520304e-09,6.7622864562727e-07,"ENSG00000085999"
"ENSG00000281741",19.4527780476519,-1.81848627018106,0.452358866481912,-4.0200080178019,5.81961607995238e-05,0.0014349758061163,"ENSG00000281741"
"ENSG00000143847",45.3154606348129,-2.30429245326687,0.626819905162264,-3.67616349495213,0.000236767813593884,0.00429336088263217,"ENSG00000143847"
"ENSG00000121933",25.0007947740214,2.9495077514828,0.834186735641743,3.53578836183931,0.000406560260465811,0.0063873348747016,"ENSG00000121933"
"ENSG00000242396",36.2422059679408,1.4111934836809,0.366913203575461,3.84612346988125,0.000120001309242491,0.00250515338223242,"ENSG00000242396"
"ENSG00000010803",118.931485067076,-0.655943062460001,0.181345316148819,-3.61709404130244,0.000297929081945768,0.00504777713093793,"ENSG00000010803"
"ENSG00000143333",38.1446345183477,1.16715665675926,0.320854071548763,3.63765574525951,0.000275130824820037,0.00480910291334514,"ENSG00000143333"
"ENSG00000143106",787.62101995305,0.465502156042546,0.125979623793119,3.69505910580416,0.000219835641976635,0.00404164065554454,"ENSG00000143106"
"ENSG00000117143",325.917833708174,0.953609314075219,0.208703424375634,4.56920779775453,4.89571202704893e-06,0.000187832781516545,"ENSG00000117143"
"ENSG00000173372",107.211810265292,1.92530524128074,0.354201665495528,5.43561882631815,5.46065794522729e-08,4.41159008144094e-06,"ENSG00000173372"
"ENSG00000159189",61.4882547001872,3.66828169194286,0.598870892972289,6.12532974133474,9.04959945858928e-10,1.22348122204084e-07,"ENSG00000159189"
"ENSG00000173369",231.495686582488,3.28507272673685,0.490900574790996,6.69193090298477,2.20244864735944e-11,4.60752257027594e-09,"ENSG00000173369"
"ENSG00000180667",128.460766975729,1.02339955985802,0.209285226241983,4.88997517041517,1.00848697736914e-06,5.17898454476338e-05,"ENSG00000180667"
"ENSG00000009790",3202.05652706766,-0.484455276393823,0.122206863759283,-3.96422313355556,7.36353529607817e-05,0.00170498772305937,"ENSG00000009790"
"ENSG00000116990",452.659462234455,-1.03330251418287,0.155506074486938,-6.64477267265634,3.03685414842746e-11,6.09640801473205e-09,"ENSG00000116990"
"ENSG00000236546",45.0890847535321,-1.20604032448819,0.23983387246707,-5.02864883964122,4.93948025775859e-07,2.88727148949101e-05,"ENSG00000236546"
"ENSG00000116584",574.619534748126,-0.8649442523917,0.185928201904708,-4.65203365347985,3.28677422040947e-06,0.000136298934434948,"ENSG00000116584"
"ENSG00000143258",410.163838851071,-0.413935523797285,0.122498885239698,-3.37909625044604,0.000727245420210186,0.00993352266753074,"ENSG00000143258"
"ENSG00000233954",37.3203011012595,0.936276418082069,0.241791171475836,3.87225229261789,0.000107834245953926,0.00232945413487861,"ENSG00000233954"
"ENSG00000116586",534.140846052018,0.470319356045221,0.115724723451397,4.06412166750824,4.82136730135497e-05,0.00124118981537731,"ENSG00000116586"
"ENSG00000078900",12.3744152143498,1.92975565563217,0.533504942073389,3.61712798410536,0.000297890029920877,0.00504777713093793,"ENSG00000078900"
"ENSG00000235527",137.612114621051,-1.30009050033065,0.331495895739096,-3.92189018639883,8.78570339282351e-05,0.00197743000259314,"ENSG00000235527"
"ENSG00000162594",14.2046174788354,-2.33070147028881,0.526669895010086,-4.42535541212998,9.62836288058092e-06,0.000328223128453971,"ENSG00000162594"
"ENSG00000174021",79.9685303543656,1.0991406213759,0.222393568775789,4.94232197192729,7.71975877330564e-07,4.18809488473061e-05,"ENSG00000174021"
"ENSG00000116670",680.007239239379,0.54216194403232,0.134670357111002,4.02584470452872,5.67711483930488e-05,0.00140857653328771,"ENSG00000116670"
"ENSG00000116717",192.568359467624,1.34285287477263,0.219642174715008,6.11382070185301,9.72735933195539e-10,1.30622661731947e-07,"ENSG00000116717"
"ENSG00000143603",39.4460464936242,3.42388039211585,0.533742420082575,6.41485529965211,1.40956681045677e-10,2.35409502445528e-08,"ENSG00000143603"
"ENSG00000163220",39899.0958350344,1.55621328386052,0.394075638880792,3.94902178749312,7.84712099308353e-05,0.0018008508385282,"ENSG00000163220"
"ENSG00000143546",22964.5876644859,1.77770697886353,0.40877238690813,4.34889203820674,1.36827045974103e-05,0.000433700272996701,"ENSG00000143546"
"ENSG00000078808",1350.51774112508,0.365337873377181,0.106909358921145,3.41726745968659,0.000632531050320847,0.00891554758445142,"ENSG00000078808"
"ENSG00000117360",497.305647908196,-0.407050784500683,0.118685320001251,-3.4296641277657,0.000604328813887069,0.00863438594334408,"ENSG00000117360"
"ENSG00000162576",6.50323646607672,-2.66780251137942,0.704116797637612,-3.78886360946108,0.000151337967277495,0.00301976984103709,"ENSG00000162576"
"ENSG00000175756",821.441681764582,0.395748009267308,0.102357844690347,3.86631831164994,0.000110490708491241,0.00235610766153962,"ENSG00000175756"
"ENSG00000171608",3776.07072615614,-0.465211426201598,0.116868877371992,-3.9806271495262,6.87336873665274e-05,0.00162041910168727,"ENSG00000171608"
"ENSG00000117560",71.9776819300206,-1.3337392462167,0.355540091684896,-3.75130478224311,0.000175916696869921,0.00340757157270254,"ENSG00000117560"
"ENSG00000116288",1463.24562332518,0.444837131224156,0.10451142285686,4.25634939286406,2.07791897586201e-05,0.000615448013804494,"ENSG00000116288"
"ENSG00000077152",37.7877956101812,1.60887184304858,0.381286243302556,4.21959058662369,2.44746369017905e-05,0.000708018826471885,"ENSG00000077152"
"ENSG00000162747",33.1201406119113,2.51324225174722,0.564517009341099,4.45202218916426,8.50653731043628e-06,0.000295557556831487,"ENSG00000162747"
"ENSG00000163545",719.317254656526,-0.641331583424608,0.171841811746025,-3.73210440991201,0.000189886759223468,0.00362421891003323,"ENSG00000163545"
"ENSG00000143761",6750.30579405272,0.519510305371385,0.141105788844854,3.6817079556005,0.000231676706584066,0.00421257352850113,"ENSG00000143761"
"ENSG00000236782",133.491913843158,0.678002678569798,0.18672679921824,3.63098752513489,0.000282338832941787,0.0048930436245192,"ENSG00000236782"
"ENSG00000186056",60.8725842175935,-0.789415108336043,0.20394605413973,-3.87070547486636,0.000108520841904503,0.0023366665352222,"ENSG00000186056"
"ENSG00000229989",185.418727545961,1.75325930633838,0.39869096666882,4.3975395805613,1.09484923476234e-05,0.000359653449449037,"ENSG00000229989"
"ENSG00000234807",60.2359202233518,-1.0167708920894,0.256246672666503,-3.96793793070124,7.24972087227009e-05,0.0016871305926873,"ENSG00000234807"
"ENSG00000143442",224.572589270809,-0.580467731944483,0.151143088622822,-3.84051786445254,0.000122775036920706,0.00255233376962564,"ENSG00000143442"
"ENSG00000078369",3030.188613954,0.325476372029803,0.0878656614851767,3.704249948482,0.000212017128857639,0.00393429357508564,"ENSG00000078369"
"ENSG00000225972",167.147832992692,8.28549041761839,1.8554617889534,4.46546000944161,7.98968958302697e-06,0.00028405561855649,"ENSG00000225972"
"ENSG00000237973",577.730062261312,5.04785020592717,1.05808758996454,4.77072999797334,1.83559455822007e-06,8.52350613319292e-05,"ENSG00000237973"
"ENSG00000074800",9202.37204513338,0.623861571114427,0.137147184514472,4.54884708951932,5.39406184816157e-06,0.000202659813580626,"ENSG00000074800"
"ENSG00000186283",879.286965127734,0.385782427612373,0.109006256789106,3.53908517708983,0.000401516274587546,0.00633193205079737,"ENSG00000186283"
"ENSG00000097033",801.043054412631,0.747437675398923,0.20622848429254,3.62431832810576,0.000289724587245824,0.00496857565539137,"ENSG00000097033"
"ENSG00000290792",23.0686780778894,1.13021069190469,0.31136736799178,3.62983025226498,0.000283607664595655,0.00490977240955928,"ENSG00000290792"
"ENSG00000290867",54.3719191864368,-1.33066989473756,0.317561336917377,-4.19027677504638,2.78614393784203e-05,0.000787650421346692,"ENSG00000290867"
"ENSG00000143549",7708.19423283649,0.560813708353228,0.0804258776614983,6.97305052378312,3.10141178769079e-12,8.80535112408097e-10,"ENSG00000143549"
"ENSG00000224870",308.12622200516,-0.474121659702469,0.101806435253633,-4.65708929422073,3.20711366465376e-06,0.000133343466467215,"ENSG00000224870"
"ENSG00000117724",71.3472840238035,2.47660290652377,0.398244411042693,6.21880141403485,5.00966853713224e-10,7.40861318596808e-08,"ENSG00000117724"
"ENSG00000225632",7.30801971417616,-2.16899024852771,0.641549366043354,-3.38086258568781,0.000722586695406185,0.00989028098106234,"ENSG00000225632"
"ENSG00000097021",125.440126850138,1.45968398276291,0.359348375895719,4.06203027667641,4.86477657408386e-05,0.00124912880663233,"ENSG00000097021"
"ENSG00000198216",3.23344691129811,4.09359868121484,1.10200815663152,3.71467185299939,0.000203467555507818,0.00382877080879965,"ENSG00000198216"
"ENSG00000225234",16.6140136522555,-1.97770039636169,0.500915728222305,-3.94816989153112,7.87509117837108e-05,0.00180518526042615,"ENSG00000225234"
"ENSG00000115163",23.0560465325039,3.66249835004922,0.601198723840489,6.09199288823002,1.11513639658336e-09,1.42982069327082e-07,"ENSG00000115163"
"ENSG00000115421",199.882529457884,-0.647991902514222,0.172708933916676,-3.75193041737404,0.00017547817303092,0.00340571602618798,"ENSG00000115421"
"ENSG00000196975",634.051239131799,0.779560257000356,0.159808698060053,4.87808402460929,1.07121293537899e-06,5.44215742681925e-05,"ENSG00000196975"
"ENSG00000186854",465.926495772373,-1.11819190955085,0.300069672741391,-3.72644092731937,0.000194202559884041,0.00369691731334811,"ENSG00000186854"
"ENSG00000121152",58.8107289629355,1.91312891985934,0.377594494604209,5.06662291743596,4.04935309764751e-07,2.45356230069044e-05,"ENSG00000121152"
"ENSG00000158089",11.120130723454,3.40996145304627,0.601306345054019,5.67092211997186,1.4203095694053e-08,1.3570784799212e-06,"ENSG00000158089"
"ENSG00000204745",7.8396377883127,1.81660824018933,0.505330732547893,3.59488968943159,0.000324529052879742,0.00538821252876525,"ENSG00000204745"
"ENSG00000068697",1528.06030770744,0.604490089208512,0.137439429751747,4.3982290256907,1.09137778210862e-05,0.000359106656318323,"ENSG00000068697"
"ENSG00000135951",38.3825488585017,-1.17049269661464,0.315196249861787,-3.71353624012946,0.000204383181464625,0.00383561033845889,"ENSG00000135951"
"ENSG00000243466",671.710787343426,2.65490115723108,0.649782008681852,4.08583358997091,4.39188488428026e-05,0.00115608371112829,"ENSG00000243466"
"ENSG00000211599",10.1114806286041,4.24453977900133,0.921137180578567,4.60793448412899,4.06688755096e-06,0.000162954280620522,"ENSG00000211599"
"ENSG00000076003",335.052451875408,0.991620738987813,0.268416722430527,3.69433293875522,0.000220464782688589,0.00404946126723938,"ENSG00000076003"
"ENSG00000198612",549.565582217758,0.5106105024584,0.145412162325846,3.51147039072427,0.000445635102408621,0.00684961486873081,"ENSG00000198612"
"ENSG00000163510",333.460083414996,-0.530042600183035,0.149754514434059,-3.53940982805181,0.000401022747287388,0.00633036225543252,"ENSG00000163510"
"ENSG00000135960",44.7005436495585,-1.65782682525854,0.329675828845636,-5.02865748776137,4.9392575256036e-07,2.88727148949101e-05,"ENSG00000135960"
"ENSG00000230076",24.213494961022,3.69824448625352,0.561454147858539,6.58690384666159,4.49092908176123e-11,8.66531306513813e-09,"ENSG00000230076"
"ENSG00000065413",2266.82132276215,-0.494338333234483,0.100399428469077,-4.92371660648188,8.49157863521435e-07,4.50031023456667e-05,"ENSG00000065413"
"ENSG00000144290",37.1081640216145,-3.47995349979263,0.479988173662342,-7.25008175355729,4.16520144371034e-13,1.45226690337367e-10,"ENSG00000144290"
"ENSG00000135916",1000.77326596997,1.72614533379112,0.267053244766048,6.4636748199907,1.02190350723408e-10,1.78151844761141e-08,"ENSG00000135916"
"ENSG00000122085",231.103368880802,-0.583787584142317,0.139283673328487,-4.19135689195612,2.77291070458547e-05,0.000785026030526091,"ENSG00000122085"
"ENSG00000003436",18.923667908245,2.09170670564748,0.4751732426094,4.40198756596844,1.07263705510587e-05,0.000355255705249202,"ENSG00000003436"
"ENSG00000196141",158.012642089294,1.78285955592561,0.43316589999001,4.11588159632771,3.85702283206938e-05,0.00103168871823078,"ENSG00000196141"
"ENSG00000170340",488.514325528615,0.697674368948073,0.161642083647688,4.31616787660761,1.58761256729696e-05,0.000490566481639178,"ENSG00000170340"
"ENSG00000287299",46.9488369721569,2.0803899123085,0.467845593142331,4.44674470124932,8.71813456147916e-06,0.000301329054391021,"ENSG00000287299"
"ENSG00000162804",151.238424688529,-0.956664173076911,0.231120646968459,-4.13924149843465,3.48455990619217e-05,0.000949516100683183,"ENSG00000162804"
"ENSG00000123485",38.0368291287193,3.05749945292819,0.431327167473076,7.08858537903027,1.35489782381219e-12,4.01899094782737e-10,"ENSG00000123485"
"ENSG00000008869",575.276712438837,-0.739871895131378,0.169534985099218,-4.36412516684021,1.27632487714527e-05,0.000409123880780405,"ENSG00000008869"
"ENSG00000115307",1876.02380391765,0.366579126783843,0.0974578595607886,3.76141163407341,0.000168957112024941,0.00330172433076074,"ENSG00000115307"
"ENSG00000152253",13.3802241653003,3.85820733905555,0.673644683794991,5.72736255754333,1.02004018326676e-08,1.01361393011218e-06,"ENSG00000152253"
"ENSG00000163516",1139.06994164446,-0.668844422860528,0.183736439700579,-3.64023828887993,0.000272385843020718,0.00477793137175088,"ENSG00000163516"
"ENSG00000138002",112.871386936125,-0.691228448392213,0.170686530745118,-4.04969534136473,5.12843541538017e-05,0.00129672424230618,"ENSG00000138002"
"ENSG00000144182",40.7931141691621,-1.09911802527337,0.245359060187525,-4.47963089047262,7.47722272917139e-06,0.000271655876599476,"ENSG00000144182"
"ENSG00000173692",1139.58961312504,0.426455579980631,0.112520689300005,3.79001926342279,0.000150635602332925,0.00301180277742913,"ENSG00000173692"
"ENSG00000172059",873.767974823047,0.817347819060004,0.235981691487076,3.46360691759329,0.000532984735976651,0.00792854688832332,"ENSG00000172059"
"ENSG00000171848",469.444647119875,3.9753015367134,0.406781056703507,9.77258274740877,1.4763948461899e-22,1.46709355865891e-18,"ENSG00000171848"
"ENSG00000115884",57.0519236582065,5.88161472588437,0.621068431288675,9.47015566977124,2.79426955733956e-21,1.27201672287792e-17,"ENSG00000115884"
"ENSG00000162980",194.003985250638,0.461826476060418,0.12873789198326,3.58733911939828,0.000334069724787445,0.00548702620696337,"ENSG00000162980"
"ENSG00000065911",223.088646457958,0.958839990515374,0.265114805668752,3.61669725723804,0.000298385947497943,0.00505121151667302,"ENSG00000065911"
"ENSG00000154518",1067.57624518961,0.634294500255303,0.154431565118934,4.10728531933745,4.00336580837805e-05,0.00106509895683675,"ENSG00000154518"
"ENSG00000115414",119.70965245681,3.38776610417407,0.977166459838445,3.46692835193522,0.000526442193705553,0.00784296263695964,"ENSG00000115414"
"ENSG00000169679",135.552513571528,3.40451399953599,0.410288428817143,8.29785526574845,1.06007712261151e-16,9.7746259343221e-14,"ENSG00000169679"
"ENSG00000115155",63.7941165883149,3.33899561146722,0.965497257180852,3.45831703470265,0.000543561335133369,0.00804373639198852,"ENSG00000115155"
"ENSG00000151692",122.497614325306,-0.869828498247863,0.234089548725178,-3.71579381901003,0.000202566718016034,0.00381955498467805,"ENSG00000151692"
"ENSG00000168758",143.752225172016,-1.45347717910252,0.351163347023918,-4.1390344163781,3.48770631729256e-05,0.000949516100683183,"ENSG00000168758"
"ENSG00000138092",225.814761571701,0.591567637791818,0.136158342121013,4.34470358978116,1.394638480366e-05,0.000440652546244735,"ENSG00000138092"
"ENSG00000119013",321.162366914362,0.711410704739157,0.181885775009812,3.91130479940381,9.17988335580513e-05,0.0020522047448062,"ENSG00000119013"
"ENSG00000211592",25939.8087727801,3.08768101325451,0.427347883335886,7.22521658268672,5.00303839078657e-13,1.7143169823878e-10,"ENSG00000211592"
"ENSG00000211598",1325.73657112823,3.23714763918668,0.488324802710141,6.62908707733238,3.37769295500547e-11,6.67069144617037e-09,"ENSG00000211598"
"ENSG00000059728",865.514415357023,1.17652939183846,0.238177566524548,4.93971539388115,7.82366786326206e-07,4.22520584550191e-05,"ENSG00000059728"
"ENSG00000115998",137.793460974852,-0.724905281825261,0.156727757831394,-4.62525140316947,3.74144309851075e-06,0.00015235971685019,"ENSG00000115998"
"ENSG00000143970",242.139891631465,-0.500871611720999,0.12661324847353,-3.95591786609687,7.62413540288183e-05,0.00175372762727863,"ENSG00000143970"
"ENSG00000239855",28.5628928238483,2.03971739007342,0.556290031115827,3.66664379367375,0.000245754751306061,0.0044240307313919,"ENSG00000239855"
"ENSG00000240671",90.7816410139313,3.05913627400724,0.573292304604476,5.33608466298494,9.49750685367444e-08,7.16458679483478e-06,"ENSG00000240671"
"ENSG00000241755",439.030573859196,4.47111992712271,0.824625936491985,5.421997695274,5.8936642375196e-08,4.70404349624355e-06,"ENSG00000241755"
"ENSG00000241351",546.626594520265,2.56090282012676,0.382320877786502,6.69830754457734,2.10847167565549e-11,4.45784745552949e-09,"ENSG00000241351"
"ENSG00000243290",33.3674124210871,4.0846830272548,0.968353731484711,4.21817244509611,2.46290431680897e-05,0.000711450005701476,"ENSG00000243290"
"ENSG00000244437",417.253078049424,2.77998754431976,0.400252831220089,6.94557871294885,3.76911998175299e-12,1.02613000708711e-09,"ENSG00000244437"
"ENSG00000240382",38.2492766255538,2.67433805557868,0.486292603214227,5.49944218337319,3.80994604496912e-08,3.22207947649856e-06,"ENSG00000240382"
"ENSG00000239951",719.189023114884,2.85331190171895,0.469946521711346,6.07156723137007,1.26667909882153e-09,1.60343824267383e-07,"ENSG00000239951"
"ENSG00000211611",21.4052002432242,2.90996447671267,0.857113285302908,3.39507568790545,0.000686096306200295,0.00948225173117153,"ENSG00000211611"
"ENSG00000241294",78.864566292045,4.70906797479498,1.21776928577371,3.86696234648675,0.000110199434822013,0.00235495007274482,"ENSG00000241294"
"ENSG00000244575",36.9715357276644,2.97000496798556,0.433185783722053,6.85619214570351,7.07202427508829e-12,1.77910646130512e-09,"ENSG00000244575"
"ENSG00000244116",35.0221480192288,3.69125189111897,1.01798602985487,3.62603393648264,0.00028780754753922,0.00494799930778067,"ENSG00000244116"
"ENSG00000243238",169.285616676014,3.29916587638419,0.849443690339063,3.88391357061855,0.000102788458934617,0.00224239059590185,"ENSG00000243238"
"ENSG00000242076",55.6273544738847,3.84246781291236,0.523511123281728,7.33980166233169,2.13910609554426e-13,8.02124425336727e-11,"ENSG00000242076"
"ENSG00000242371",112.446700711586,2.19127205996982,0.56624716241579,3.86981552476336,0.000108917736846742,0.00234267435291358,"ENSG00000242371"
"ENSG00000251546",15.5344373542151,2.11827976355082,0.571317322228983,3.70771142608873,0.000209140786683651,0.00389546766124731,"ENSG00000251546"
"ENSG00000239975",14.6969529600532,3.07501790790646,0.570276000071423,5.39215731947573,6.96167760764142e-08,5.44710160528605e-06,"ENSG00000239975"
"ENSG00000243264",22.063516085174,2.1873239789044,0.60516842544537,3.61440532409577,0.000301037795163384,0.00508078570803282,"ENSG00000243264"
"ENSG00000241566",6.85345447614047,5.24059566281854,1.42256293187833,3.68391130218678,0.000229682192474857,0.00418396323853833,"ENSG00000241566"
"ENSG00000225523",12.780297276812,3.6759146420731,0.674952812262653,5.446180199991,5.14630011596024e-08,4.17459463284056e-06,"ENSG00000225523"
"ENSG00000211625",125.747797343691,5.00450650564283,1.13589014021646,4.405801519405,1.05393435343244e-05,0.000350265741473518,"ENSG00000211625"
"ENSG00000242766",16.8475550232434,3.14608850036162,0.778191747345471,4.04281915234054,5.28123545259436e-05,0.00132524335081894,"ENSG00000242766"
"ENSG00000278857",7.06649873932853,3.66231517122757,0.759445962375272,4.82235123059075,1.41875838918843e-06,6.91088338890464e-05,"ENSG00000278857"
"ENSG00000239819",20.2466696768609,2.81810407325352,0.627297766127725,4.49245035678912,7.04083342762759e-06,0.00025675141934068,"ENSG00000239819"
"ENSG00000115738",3421.19483140663,0.993469361102375,0.189024406286642,5.25577294815489,1.47404056517439e-07,1.03516191492141e-05,"ENSG00000115738"
"ENSG00000116030",721.99137811263,0.532973302729798,0.146205283279675,3.64537649238214,0.000267000623438176,0.00471540721376579,"ENSG00000116030"
"ENSG00000243943",186.352966880723,-0.771369520372811,0.138239849883477,-5.57993603887014,2.40607045296176e-08,2.16372145620642e-06,"ENSG00000243943"
"ENSG00000138018",78.2438509006815,0.665939982501456,0.186109432714212,3.57821724986969,0.000345945848544596,0.00563089909416487,"ENSG00000138018"
"ENSG00000155368",878.824568644616,0.651268664105383,0.115846788482139,5.62181026024553,1.88966747972951e-08,1.72580658604528e-06,"ENSG00000155368"
"ENSG00000084693",382.248205903116,0.441920853075685,0.119376834537229,3.70189789994697,0.000213992735038072,0.00396355229836593,"ENSG00000084693"
"ENSG00000228474",1146.11509763133,0.378120416756391,0.107692491354722,3.5111121676155,0.000446236067449424,0.0068533023253057,"ENSG00000228474"
"ENSG00000135940",1366.18762728674,0.483773098512054,0.0948706359991795,5.0992922458772,3.40925831841192e-07,2.09769658885816e-05,"ENSG00000135940"
"ENSG00000163466",8362.64566628121,0.343171318068496,0.0924512465728536,3.71191661323971,0.000205695758453177,0.00385296654429637,"ENSG00000163466"
"ENSG00000168899",638.929247083428,1.18293067243802,0.291776451102475,4.05423627564296,5.0298358669558e-05,0.00127829869590639,"ENSG00000168899"
"ENSG00000123989",225.473016326404,1.46762222980995,0.264264701814642,5.55360674252799,2.79834651101386e-08,2.48278297142364e-06,"ENSG00000123989"
"ENSG00000275111",37.9451226131762,-1.71933282647859,0.322331163943829,-5.33405707795044,9.60423116137213e-08,7.20165496219207e-06,"ENSG00000275111"
"ENSG00000143882",711.892342217715,1.15477657560501,0.205766420476815,5.61207495824193,1.99914799088527e-08,1.81420398040428e-06,"ENSG00000143882"
"ENSG00000143870",2681.67519293487,1.08478196046381,0.201263287484797,5.38986505696302,7.05106092394055e-08,5.47393690634353e-06,"ENSG00000143870"
"ENSG00000169756",932.385161397997,0.627547454828898,0.169229463857124,3.70826356430887,0.000208685386357533,0.00389063167773886,"ENSG00000169756"
"ENSG00000163251",22.5114634932883,1.62035969798025,0.460260239380495,3.52052938607348,0.000430686267032244,0.00666750481607435,"ENSG00000163251"
"ENSG00000264324",45.7595250711034,1.05024342458028,0.299974815427282,3.50110532807336,0.000463332683991985,0.00706697909566901,"ENSG00000264324"
"ENSG00000144354",81.9212434173964,1.70960485033773,0.410117831783612,4.16856990319738,3.06516758936178e-05,0.000853181241890421,"ENSG00000144354"
"ENSG00000163219",1627.98496534102,-0.723738934705817,0.161928295462721,-4.46950258222435,7.84017127200894e-06,0.000280419024769036,"ENSG00000163219"
"ENSG00000135622",110.08819899074,-0.745752857018017,0.211251476096735,-3.53016637231223,0.000415298424639948,0.00648361421154306,"ENSG00000135622"
"ENSG00000125630",322.940825438554,-0.546478605211597,0.149889620582767,-3.6458735640727,0.000266484984188766,0.00471540721376579,"ENSG00000125630"
"ENSG00000169607",22.9710277026306,3.38884908627404,0.597090152536366,5.67560706181239,1.3819767721852e-08,1.33977592050774e-06,"ENSG00000169607"
"ENSG00000163026",54.2258873319916,-0.919279954896576,0.223007539810643,-4.12219226164794,3.75283773413938e-05,0.0010065303256179,"ENSG00000163026"
"ENSG00000115128",332.503376550897,0.676799596143796,0.161054934586484,4.20229034199734,2.64227931669225e-05,0.00075775842914779,"ENSG00000115128"
"ENSG00000115129",165.739466491449,1.34506930636429,0.314844709492061,4.27216740765404,1.93582155743506e-05,0.000584688717818608,"ENSG00000115129"
"ENSG00000134308",2134.29230379865,0.645311255239566,0.169575542641759,3.80545003829257,0.000141546585567984,0.00286437426516854,"ENSG00000134308"
"ENSG00000279227",39.1777757709512,0.989133472012562,0.29113006119484,3.39756556898664,0.000679882928303256,0.0094396702690263,"ENSG00000279227"
"ENSG00000228162",13.1111179102567,-1.5584467709004,0.398559173849552,-3.91020172951453,9.22190716698247e-05,0.00205466572910997,"ENSG00000228162"
"ENSG00000289327",97.0050698365281,1.95546789917665,0.535695147440481,3.6503371526133,0.00026189631135357,0.00465185361744499,"ENSG00000289327"
"ENSG00000115902",298.455912423096,0.916168708331528,0.235312048919948,3.89342030098596,9.8840685063631e-05,0.00217296435282589,"ENSG00000115902"
"ENSG00000138069",944.998369503127,0.599546221844528,0.154980664163648,3.86852272881894,0.000109496731118429,0.00234784256825941,"ENSG00000138069"
"ENSG00000291127",23.1681299785069,1.62603860494133,0.481271828003897,3.37862827268619,0.000728484382819631,0.00994361169241575,"ENSG00000291127"
"ENSG00000011523",423.236125018928,-1.00748267316125,0.247197382249388,-4.07562031601468,4.58918463521782e-05,0.00119222817569044,"ENSG00000011523"
"ENSG00000168958",536.329560878894,0.415183706991051,0.122598794666064,3.38652356348145,0.000707841974707876,0.00972194292007211,"ENSG00000168958"
"ENSG00000153093",9.62350645354677,4.74433997988299,0.926240002852712,5.12214972930447,3.02071870946813e-07,1.89380957829557e-05,"ENSG00000153093"
"ENSG00000144668",18.575364009388,1.6075191391974,0.41654251073495,3.85919587501666,0.000113760731628373,0.00241289304203018,"ENSG00000144668"
"ENSG00000129810",19.5936471323158,1.55361820411348,0.428205606026435,3.6282061286642,0.000285397362967351,0.00493216277531577,"ENSG00000129810"
"ENSG00000093167",338.436581327923,0.633092574295368,0.14665366052716,4.31692309635954,1.58219251451924e-05,0.000489789626690892,"ENSG00000093167"
"ENSG00000157152",7.74571188545864,3.50211215585204,0.908286285692852,3.85573602840494,0.000115381942499273,0.00243170808614056,"ENSG00000157152"
"ENSG00000271858",31.9809776367842,-1.07841710116683,0.29230087288205,-3.68940773434498,0.000224776728123164,0.00411724672324402,"ENSG00000271858"
"ENSG00000174500",73.4644123835432,-1.1327782095768,0.310756943791755,-3.64522251942307,0.000267160537521399,0.00471540721376579,"ENSG00000174500"
"ENSG00000163666",6.37912601984732,3.23688903341662,0.920216616450567,3.51752943334348,0.000435584040628343,0.00672633816895702,"ENSG00000163666"
"ENSG00000145050",250.77935477106,1.36394207865189,0.305201792560657,4.46898449451544,7.85918269076949e-06,0.000280419024769036,"ENSG00000145050"
"ENSG00000163513",2098.31132815343,-0.626263064241347,0.172891327152708,-3.62229311646265,0.000292002974916113,0.0049942057861298,"ENSG00000163513"
"ENSG00000144824",86.4246547859741,-1.05765666591194,0.225885635353643,-4.68226615763365,2.83720761158338e-06,0.00012048432494147,"ENSG00000144824"
"ENSG00000114125",428.520145127966,0.392395397374923,0.107368031792578,3.65467626465376,0.000257506699937289,0.00459397500408769,"ENSG00000114125"
"ENSG00000065485",120.23158286442,1.18147276373656,0.248866287086253,4.74741989993636,2.06027940669905e-06,9.30590748380385e-05,"ENSG00000065485"
"ENSG00000069849",1216.8537055422,0.661127281118815,0.170923502385666,3.86797176450941,0.000109744368561981,0.00234784256825941,"ENSG00000069849"
"ENSG00000090530",13.57685093434,-1.98463827461312,0.549884604638782,-3.60919046991109,0.000307154029958455,0.00516008384733248,"ENSG00000090530"
"ENSG00000163902",3278.65932246414,0.640373552463657,0.150515980039849,4.25452202679155,2.09496037416288e-05,0.000618680875493633,"ENSG00000163902"
"ENSG00000157017",33.2180575253872,-1.18331616201685,0.332777193853517,-3.55588118378608,0.000376714311793602,0.00603289301578247,"ENSG00000157017"
"ENSG00000157020",1208.51224795728,0.44007987174493,0.121086095826218,3.63443770105967,0.000278587561875923,0.00485245329072927,"ENSG00000157020"
"ENSG00000154767",1007.43310140559,-0.440240407590247,0.117428711961938,-3.74900141741266,0.000177540082237294,0.00343566854370397,"ENSG00000154767"
"ENSG00000178038",240.624661236812,-1.32359113629176,0.382467571098992,-3.46066238371144,0.000538848139586831,0.00798588212240766,"ENSG00000178038"
"ENSG00000185112",264.75548710494,-0.929319709163995,0.270459553150705,-3.43607647922926,0.000590204337740315,0.00849364301828459,"ENSG00000185112"
"ENSG00000114850",807.57911370381,0.765321054934597,0.202287287954286,3.78333736476584,0.000154739448366256,0.00306609351628212,"ENSG00000114850"
"ENSG00000114737",488.414580935248,-1.38421178234903,0.283785047483295,-4.87767694113803,1.07342543590276e-06,5.44215742681925e-05,"ENSG00000114737"
"ENSG00000113810",252.59628734888,0.859088966809871,0.243662609837544,3.52573161463979,0.000422314712128672,0.0065725000695734,"ENSG00000113810"
"ENSG00000164087",53.5109654815025,1.84811353802549,0.27355881057852,6.75581800533901,1.42031613927251e-11,3.20765488089794e-09,"ENSG00000164087"
"ENSG00000172215",51.967236326128,-1.17031628087308,0.292316500571217,-4.00359295005982,6.23876727033256e-05,0.00151761641041113,"ENSG00000172215"
"ENSG00000232354",89.2631909544291,-0.922594705787676,0.270394448121179,-3.41203272551738,0.000644803716570925,0.00905641629903219,"ENSG00000232354"
"ENSG00000196345",25.194787434532,-1.71504736269669,0.321567202777081,-5.33340262279672,9.63892633562992e-08,7.20165496219207e-06,"ENSG00000196345"
"ENSG00000144597",428.971608542421,1.17077441853552,0.239608696907286,4.88619333791769,1.02804249913847e-06,5.26580325460769e-05,"ENSG00000144597"
"ENSG00000249786",127.058557888611,1.24756928540213,0.269369237957034,4.63144676379537,3.63119370963394e-06,0.000148490419311245,"ENSG00000249786"
"ENSG00000090520",417.831759358565,1.01748819435434,0.211349563179732,4.81424318577404,1.47758785336762e-06,7.16233682873857e-05,"ENSG00000090520"
"ENSG00000154743",107.965710157351,-0.747637573663025,0.207727780480049,-3.59912175413067,0.000319293681744442,0.00531906339563206,"ENSG00000154743"
"ENSG00000164045",17.9104406128778,3.32314674395519,0.536966052002068,6.1887464422842,6.06445397361847e-10,8.41976473461613e-08,"ENSG00000164045"
"ENSG00000164048",249.311888112808,-0.877778740652876,0.174726385009049,-5.02373319637681,5.06766253273086e-07,2.92775363882247e-05,"ENSG00000164048"
"ENSG00000132170",35.7865936743502,4.24463724092209,0.745447217086699,5.69408154411074,1.24037796138093e-08,1.21434835490072e-06,"ENSG00000132170"
"ENSG00000051341",38.203546700401,2.73178020863263,0.408743894597402,6.68335416073514,2.33534260724912e-11,4.83464572671553e-09,"ENSG00000051341"
"ENSG00000171148",916.753355030516,0.359028752339653,0.0854932310521267,4.19949916410045,2.67506017789585e-05,0.000760773640775394,"ENSG00000171148"
"ENSG00000073111",368.963055285648,1.769926901939,0.306058910874156,5.78296151183375,7.33968604801123e-09,7.59733961032163e-07,"ENSG00000073111"
"ENSG00000145088",290.554112819463,0.729441904460347,0.147224276412307,4.95463059650241,7.24678308265475e-07,3.96756382877908e-05,"ENSG00000145088"
"ENSG00000113811",558.045939305272,0.617253446005663,0.170153152320936,3.62763450213031,0.000286029778742457,0.00493268893675359,"ENSG00000113811"
"ENSG00000178252",1751.75589294689,-0.647932804411002,0.11860634884262,-5.46288466623949,4.68458976706171e-08,3.86313431662176e-06,"ENSG00000178252"
"ENSG00000197980",27.4912909760737,-1.51957721592093,0.422744562128571,-3.59455177440881,0.000324950523412589,0.00538913784793738,"ENSG00000197980"
"ENSG00000168137",635.879437070003,-0.407285010907578,0.100319692092283,-4.05987102246009,4.90998303080716e-05,0.00125748714889512,"ENSG00000168137"
"ENSG00000163788",625.609680935378,-0.526801433297044,0.147059652607467,-3.58222955077412,0.000340674232719163,0.00555875180711054,"ENSG00000163788"
"ENSG00000234617",175.837380798363,-0.85963899963846,0.148391335947426,-5.79305384744985,6.91179343957756e-09,7.22973593779813e-07,"ENSG00000234617"
"ENSG00000003756",1005.05444992135,-0.457583746315899,0.103666493464328,-4.41399849675976,1.01478663328834e-05,0.000340098980606619,"ENSG00000003756"
"ENSG00000281691",100.154113945,-0.579649668300599,0.169523974851756,-3.41927841656312,0.000627874469480064,0.00887509047400199,"ENSG00000281691"
"ENSG00000125037",624.90340081515,0.406640664658332,0.0945859966890157,4.29916350086477,1.71443963374244e-05,0.000526627098624379,"ENSG00000125037"
"ENSG00000163702",65.2733393057867,-0.740109564847723,0.189771888388339,-3.89999578511441,9.61943626691385e-05,0.00212418529298495,"ENSG00000163702"
"ENSG00000168036",1233.9024134503,0.741193595429214,0.218462859700945,3.39276706550413,0.000691904479354899,0.00953951841645308,"ENSG00000168036"
"ENSG00000163606",99.4328575237013,-1.66201642413169,0.375697666935622,-4.42381353519686,9.69737261859384e-06,0.000329445441746896,"ENSG00000163606"
"ENSG00000072274",961.582054786369,0.513926095829597,0.143413961520524,3.58351509421243,0.000339001164429403,0.00554055028114306,"ENSG00000072274"
"ENSG00000138231",153.432542606834,-0.820517493217694,0.212219006134503,-3.86637138757333,0.000110466676736135,0.00235610766153962,"ENSG00000138231"
"ENSG00000168811",21.6316562149518,1.31682102779964,0.3738372490391,3.52244467661892,0.000427586274988547,0.00663894502275187,"ENSG00000168811"
"ENSG00000157445",55.2097726735699,-2.55038289503328,0.303292264098463,-8.40899421755546,4.13541499580351e-17,4.10936188132995e-14,"ENSG00000157445"
"ENSG00000285600",123.475906861061,1.83887529364868,0.337034093093409,5.45605127591362,4.86839397619732e-08,3.99811825962585e-06,"ENSG00000285600"
"ENSG00000241163",787.631395464531,-1.60234774929932,0.338421907875681,-4.73476365450886,2.19310510517635e-06,9.79455524949996e-05,"ENSG00000241163"
"ENSG00000131368",306.842206183579,-0.609542878631204,0.149367060455709,-4.08083868539374,4.48734912238901e-05,0.00117344179550472,"ENSG00000131368"
"ENSG00000184897",2211.14800079616,0.677079343855188,0.197519225238872,3.42791615872508,0.000608233271734988,0.00866525307703309,"ENSG00000184897"
"ENSG00000172046",1002.4131704251,-0.42598138104807,0.120954548097905,-3.52183020603132,0.000428578548803055,0.00664915697026691,"ENSG00000172046"
"ENSG00000186446",15.5229082246359,-1.49016597191498,0.388532675761137,-3.83536846417291,0.000125376191685404,0.00258277676876036,"ENSG00000186446"
"ENSG00000163808",43.0123339823173,2.40376244922376,0.447921169263647,5.36648547594968,8.02856623167188e-08,6.13691251108642e-06,"ENSG00000163808"
"ENSG00000163812",685.976628862492,0.399078957275101,0.117836033797021,3.38673107381173,0.000707306837717792,0.00972131126749889,"ENSG00000163812"
"ENSG00000279277",26.3418398349792,-0.99943946458516,0.294588231202231,-3.39266596125172,0.000692159885102413,0.00953951841645308,"ENSG00000279277"
"ENSG00000168268",91.9178395370346,1.46781232574047,0.360450512111943,4.07216046702306,4.65790704711318e-05,0.00120850188843769,"ENSG00000168268"
"ENSG00000091490",1728.32454839358,0.75432416460716,0.147687915258776,5.10755509877331,3.26353949910811e-07,2.01427279519486e-05,"ENSG00000091490"
"ENSG00000182903",217.246724455394,-0.726969485117536,0.176970706902345,-4.10785207248276,3.99355737475805e-05,0.00106391366308233,"ENSG00000182903"
"ENSG00000131127",116.793447309631,-0.597621755865645,0.175222280842843,-3.410649336323,0.000648083827973998,0.00909605790759551,"ENSG00000131127"
"ENSG00000250312",56.0114032019801,-0.834471201731996,0.242932350821482,-3.43499414100349,0.00059256664015954,0.00851530687384721,"ENSG00000250312"
"ENSG00000169116",76.7272365488499,1.22106863943994,0.358964465066044,3.40164210743057,0.000669822936843273,0.00932217160141681,"ENSG00000169116"
"ENSG00000270228",38.9818754016287,-1.00289526019821,0.264757204049191,-3.78798100621983,0.000151876456960512,0.00302478269604241,"ENSG00000270228"
"ENSG00000248590",3.87740952681226,3.82236752883627,1.00450555705597,3.80522288003958,0.000141676557444937,0.00286437426516854,"ENSG00000248590"
"ENSG00000198856",504.891003092542,0.658124227157921,0.182602613036652,3.60413367702368,0.000313195839318103,0.0052341346615805,"ENSG00000198856"
"ENSG00000164109",95.0838537185471,1.67637796192773,0.36677590276663,4.57057824487005,4.86380275279482e-06,0.000186969469843412,"ENSG00000164109"
"ENSG00000151623",89.1577117734249,-1.04302684145857,0.276664124393099,-3.77001117780124,0.000163240236094122,0.00320893813267515,"ENSG00000151623"
"ENSG00000077684",695.188222483813,-0.789951662922637,0.166686954864968,-4.73913308670479,2.14634504632693e-06,9.60731113754538e-05,"ENSG00000077684"
"ENSG00000109674",7.99489013373752,2.52401662149324,0.643466451421452,3.92253025144908,8.76238873181865e-05,0.00197441852217873,"ENSG00000109674"
"ENSG00000248980",151.364780897682,1.00846589518546,0.193804085124933,5.20353270435639,1.95535322438603e-07,1.31527147363659e-05,"ENSG00000248980"
"ENSG00000129128",1004.69849050857,0.770762944374707,0.196889938449056,3.91468934596746,9.05206785290324e-05,0.00203048303057109,"ENSG00000129128"
"ENSG00000151729",166.475667734069,0.684793906065619,0.201616942045575,3.39650973334782,0.000682511300038275,0.0094583639464762,"ENSG00000151729"
"ENSG00000286848",1468.66132722906,3.45337350610997,0.655030620181456,5.27207950241062,1.34886620215855e-07,9.50615847577977e-06,"ENSG00000286848"
"ENSG00000164104",2116.29975121277,1.22639822576228,0.242984614552896,5.04722584192794,4.48271349114731e-07,2.67535879648833e-05,"ENSG00000164104"
"ENSG00000109805",63.3353392340333,2.06296270230453,0.362714655177464,5.68756368913516,1.28864549966156e-08,1.25541865981734e-06,"ENSG00000109805"
"ENSG00000004468",515.820611458613,2.04105627149863,0.36604374086084,5.57599008986903,2.46125938561058e-08,2.20338148782093e-06,"ENSG00000004468"
"ENSG00000163453",565.406088312873,1.11431694793539,0.290890823342578,3.83070505673214,0.000127776596320812,0.00262067293630528,"ENSG00000163453"
"ENSG00000145386",109.495727505027,3.25129669556469,0.386466186637578,8.41288787475141,4.00037331025425e-17,4.10936188132995e-14,"ENSG00000145386"
"ENSG00000132465",5575.42332533716,3.50988693457333,0.657810833020652,5.33570862379388,9.51721301115217e-08,7.16458679483478e-06,"ENSG00000132465"
"ENSG00000138795",1356.29307395586,-1.1779211286625,0.328804800356323,-3.58243288232409,0.000340409093943129,0.00555875180711054,"ENSG00000138795"
"ENSG00000145287",1546.17825113026,1.26977875820201,0.329453422057393,3.85419811478178,0.000116109549972359,0.00244186369963034,"ENSG00000145287"
"ENSG00000170365",134.256645739785,1.35181413547487,0.274411240960942,4.926234547612,8.3829364497583e-07,4.45461173803467e-05,"ENSG00000170365"
"ENSG00000138821",312.352626749023,0.722305589349784,0.178105446831078,4.05549410307955,5.00284346939887e-05,0.00127353482062115,"ENSG00000138821"
"ENSG00000109332",3677.34012919894,0.404235844067452,0.103371425978817,3.91051821371111,9.20983147327596e-05,0.00205466572910997,"ENSG00000109332"
"ENSG00000081041",386.666024233112,1.79456993427078,0.42736849676883,4.19911609732311,2.67958915438651e-05,0.000760773640775394,"ENSG00000081041"
"ENSG00000178988",474.23676320771,-0.862224059275421,0.166433925329577,-5.18057876462397,2.21198500230334e-07,1.45085775365599e-05,"ENSG00000178988"
"ENSG00000186222",402.691315762717,-0.441451284315092,0.105077246200799,-4.2012072097083,2.65495449541587e-05,0.000758111575314582,"ENSG00000186222"
"ENSG00000243449",134.295968538288,0.725566242266624,0.19313805162438,3.75672342225821,0.000172152577751061,0.00335427483355351,"ENSG00000243449"
"ENSG00000145390",104.532211616961,-1.5346463317033,0.366958652055963,-4.18206880558647,2.88868514604978e-05,0.000812018791974445,"ENSG00000145390"
"ENSG00000138778",37.2449154060384,1.6133879782706,0.405990326300092,3.9739567023034,7.06884187322787e-05,0.00165361045865709,"ENSG00000138778"
"ENSG00000109272",56.8007638018809,2.60739575622086,0.536596417368951,4.85913746686102,1.17898254705052e-06,5.88721083921658e-05,"ENSG00000109272"
"ENSG00000163736",334.315022622823,0.929894288326891,0.253917461005187,3.66219118860793,0.000250067113172728,0.0044894614337803,"ENSG00000163736"
"ENSG00000163734",74.4315924785529,2.09147894933376,0.473233570870381,4.41954898822387,9.89070997589698e-06,0.000333101761873328,"ENSG00000163734"
"ENSG00000245067",138.290026437327,1.12173136862013,0.307670159813859,3.64588938133872,0.000266468591421785,0.00471540721376579,"ENSG00000245067"
"ENSG00000289241",5.28639193225467,3.85433278343338,0.965774056644312,3.99092599031463,6.58158181606632e-05,0.0015683735852818,"ENSG00000289241"
"ENSG00000163738",76.0392815959621,1.13471033323495,0.195630794220734,5.80026441008381,6.62104350554402e-09,6.9931915754475e-07,"ENSG00000163738"
"ENSG00000109321",204.53307351466,1.87865503706497,0.397957308245681,4.72074516069743,2.34982194444987e-06,0.000103380352794347,"ENSG00000109321"
"ENSG00000109184",146.011926738736,-0.600331494715276,0.169646695356042,-3.53871611501388,0.000402078003829439,0.00633193205079737,"ENSG00000109184"
"ENSG00000154277",13.7014689664295,5.26146737683485,0.848126395324233,6.20363592719388,5.51733427031257e-10,7.94576096291246e-08,"ENSG00000154277"
"ENSG00000232021",125.373616661253,-1.17643758243665,0.292506614009778,-4.02191788523907,5.77261837715318e-05,0.00142692807994456,"ENSG00000232021"
"ENSG00000248049",99.3404862617622,-0.755462852844371,0.17746697959514,-4.2569206652856,2.07261861782641e-05,0.000615448013804494,"ENSG00000248049"
"ENSG00000063978",762.728642486568,-0.347565604787452,0.0914002582451076,-3.80267639786517,0.000143141277309196,0.00289104648906804,"ENSG00000063978"
"ENSG00000142731",49.4777301245791,1.60634184075042,0.30899508075334,5.19860004513374,2.0079504424651e-07,1.34363660247648e-05,"ENSG00000142731"
"ENSG00000078140",292.101546471745,0.597100245744318,0.157200313228176,3.79834005087271,0.00014566838480055,0.00293314435615615,"ENSG00000078140"
"ENSG00000109794",4.02478836260296,3.88671253734901,1.08133174449178,3.59437569196282,0.00032517034835331,0.00538913784793738,"ENSG00000109794"
"ENSG00000113593",324.164092405234,-0.721232389764747,0.181073841441635,-3.98308438161247,6.80265882692111e-05,0.00160756291945577,"ENSG00000113593"
"ENSG00000152931",9.44677317132808,-1.68832909392885,0.467146003888155,-3.61413579454076,0.000301351096722795,0.00508078570803282,"ENSG00000152931"
"ENSG00000164181",56.3565893406005,1.6527471841963,0.475490280727142,3.47588005725131,0.000509179956433093,0.00764308342458557,"ENSG00000164181"
"ENSG00000213949",103.326439419285,2.73344469005047,0.503128214671352,5.43289883242979,5.54458460399253e-08,4.46125807367399e-06,"ENSG00000213949"
"ENSG00000035499",25.9047416927783,2.9192414252784,0.533888193902713,5.46788907980677,4.55426716664093e-08,3.77131273624258e-06,"ENSG00000035499"
"ENSG00000113387",1084.92830520982,0.885440638441474,0.207989218577336,4.25714681029124,2.07052396639388e-05,0.000615448013804494,"ENSG00000113387"
"ENSG00000168685",1575.39270941756,-1.36169388034019,0.292032768902787,-4.66281193530536,3.11917777411706e-06,0.000129959201431452,"ENSG00000168685"
"ENSG00000164211",192.075323627928,1.06415684362833,0.149302333250414,7.12752989495145,1.02186084326838e-12,3.22356546017711e-10,"ENSG00000164211"
"ENSG00000234292",6.30249931005464,2.81875834798163,0.695417257575708,4.05333390460871,5.04928530855597e-05,0.00128160276145902,"ENSG00000234292"
"ENSG00000113595",97.2146791763965,-0.74941589937137,0.15355292602907,-4.88050549573699,1.05814265004459e-06,5.39218641717592e-05,"ENSG00000113595"
"ENSG00000249899",3.81838622378301,4.34180747409259,1.22819899210043,3.53510099097813,0.000407619338041203,0.00639386481786177,"ENSG00000249899"
"ENSG00000177879",310.794132274771,0.514005560871705,0.146587341977228,3.50647984975098,0.000454075815412504,0.00693643563067495,"ENSG00000177879"
"ENSG00000113368",149.198271947641,0.99941444025907,0.290744740184858,3.43742913327902,0.000587264370465822,0.00846973301787935,"ENSG00000113368"
"ENSG00000072786",4605.36313359602,-0.319172263165735,0.0899370916198012,-3.54883905424694,0.00038693350197908,0.00615685862156304,"ENSG00000072786"
"ENSG00000233913",277.68285107061,3.46403225848839,0.409023374068878,8.46903252503379,2.47439583948648e-17,2.73200793966412e-14,"ENSG00000233913"
"ENSG00000112984",35.4618390469686,2.76490766013434,0.456073209260462,6.06242069034867,1.34087932648925e-09,1.67601482607845e-07,"ENSG00000112984"
"ENSG00000228716",43.4019595131686,1.63507353965598,0.334288832298147,4.89120000933108,1.00223056767727e-06,5.160189197414e-05,"ENSG00000228716"
"ENSG00000164611",96.8033580996244,1.8145174128139,0.331817156009272,5.46842554687919,4.54050714448682e-08,3.77131273624258e-06,"ENSG00000164611"
"ENSG00000120705",675.946072625456,0.820705234719905,0.159132431940979,5.15737254002564,2.50439215761705e-07,1.61075371328418e-05,"ENSG00000120705"
"ENSG00000118985",282.800540052516,2.05836207948288,0.26186606485833,7.86036205415337,3.83024729317435e-15,2.17492384870134e-12,"ENSG00000118985"
"ENSG00000145919",91.5276966866743,-1.18044460151517,0.199774079449916,-5.90889771468631,3.44404455188419e-09,4.00274511252318e-07,"ENSG00000145919"
"ENSG00000120725",449.813263332858,0.864182385024061,0.214490566781481,4.02899949397063,5.60147388976408e-05,0.00139503373540315,"ENSG00000120725"
"ENSG00000249593",92.6506521987926,0.963423627952836,0.194947448538163,4.94196582298043,7.73387754199523e-07,4.18809488473061e-05,"ENSG00000249593"
"ENSG00000151883",1326.06444515653,-0.554990694425667,0.157374899353369,-3.52655154478918,0.000421009205873556,0.00655731736483625,"ENSG00000151883"
"ENSG00000112877",48.3169934740411,-0.936262578570278,0.21710459320898,-4.31249548768898,1.61422177898593e-05,0.000497380521481649,"ENSG00000112877"
"ENSG00000170476",1037.78076632613,3.45323213091124,0.431814406788821,7.99702853036129,1.27457713243899e-15,8.65349383092982e-13,"ENSG00000170476"
"ENSG00000145494",359.138302387949,0.594201817116935,0.147593228840687,4.02594225889806,5.67476139590292e-05,0.00140857653328771,"ENSG00000145494"
"ENSG00000135074",291.80889305022,0.766854284830445,0.186546095737962,4.11080318672352,3.94285179792443e-05,0.00105322898698858,"ENSG00000135074"
"ENSG00000112855",322.907766039299,-0.537612556833755,0.148354425656054,-3.6238390223704,0.000290262302736495,0.00497299396946992,"ENSG00000112855"
"ENSG00000113068",656.752778714351,0.414671323735051,0.101611653620348,4.08094257853918,4.48534359394615e-05,0.00117344179550472,"ENSG00000113068"
"ENSG00000176055",37.84222842453,-0.963654267316906,0.281609319226166,-3.42195446501887,0.000621727249453848,0.00881327200830654,"ENSG00000176055"
"ENSG00000112983",472.534099734535,-0.641554462473625,0.12925788897298,-4.9633679427314,6.92811534995204e-07,3.83535834164197e-05,"ENSG00000112983"
"ENSG00000173210",81.3500186757605,1.54980612804714,0.453628640316598,3.41646446080982,0.000634399437811041,0.00893554530620597,"ENSG00000173210"
"ENSG00000164180",119.554234723158,-0.592619103938969,0.14378563680052,-4.12154591463912,3.76338443658526e-05,0.00100799868318997,"ENSG00000164180"
"ENSG00000197208",113.421423173144,0.935238028385436,0.27430936549405,3.40942798909184,0.000650992618254716,0.00912905844912288,"ENSG00000197208"
"ENSG00000079215",57.5902528213102,2.84276886032584,0.668177518986848,4.25451138289763,2.09506002418846e-05,0.000618680875493633,"ENSG00000079215"
"ENSG00000158402",13.2328081589584,1.49460346542395,0.422350521242194,3.5387749990887,0.000401988330396657,0.00633193205079737,"ENSG00000158402"
"ENSG00000213523",645.100647772632,0.607332547413724,0.148051027834129,4.10218393143584,4.09268717843783e-05,0.00108450753312365,"ENSG00000213523"
"ENSG00000146054",92.4394045110068,1.5045020305139,0.376357819787896,3.99753094372211,6.40066259221662e-05,0.00154003351522655,"ENSG00000146054"
"ENSG00000183718",351.978505461594,-0.527198406609001,0.136571994327984,-3.86022338769477,0.000113283414264084,0.00240790863645391,"ENSG00000183718"
"ENSG00000249915",36.8153628446282,-1.03269631691836,0.246788587495838,-4.18453838322558,2.85746164770289e-05,0.000805520465055988,"ENSG00000249915"
"ENSG00000169220",1076.80689924192,-0.576256977031773,0.109300814675239,-5.27221117924861,1.34789852666796e-07,9.50615847577977e-06,"ENSG00000169220"
"ENSG00000071539",50.6365464863674,3.63360880143461,0.483816588142646,7.51030223123168,5.89910114212152e-14,2.3926272673168e-11,"ENSG00000071539"
"ENSG00000164405",840.907977780946,0.499222077793822,0.12562721920444,3.97383688785955,7.07240057290193e-05,0.00165361045865709,"ENSG00000164405"
"ENSG00000037241",91.4206431190354,0.678006453660084,0.193214214452951,3.50909199708588,0.000449639346745316,0.00689516387130896,"ENSG00000037241"
"ENSG00000248323",157.47766936917,1.85212693318215,0.329130324613452,5.62733602671643,1.83013995477544e-08,1.68389821579663e-06,"ENSG00000248323"
"ENSG00000289540",7.48147236012181,-2.36189654466381,0.672729345805447,-3.51091647687221,0.000446564683066865,0.0068533023253057,"ENSG00000289540"
"ENSG00000288965",23.7562690932094,-1.50411942229665,0.412076544399963,-3.65009715485468,0.000262141138125087,0.00465185361744499,"ENSG00000288965"
"ENSG00000169223",2714.06474473928,0.534712847706096,0.140624211861479,3.80242378341512,0.000143287354440639,0.00289105876360736,"ENSG00000169223"
"ENSG00000072571",28.5895712094428,3.48644405718865,0.500364183598635,6.96781298796016,3.2190572855654e-12,9.01064006948263e-10,"ENSG00000072571"
"ENSG00000134057",90.3568161479279,2.31895957871369,0.379847065477963,6.10498221381739,1.02812130185957e-09,1.32681056838683e-07,"ENSG00000134057"
"ENSG00000113761",238.756917009988,-0.525878848622381,0.127385553948056,-4.12824556885639,3.65541615026433e-05,0.000988404633610248,"ENSG00000113761"
"ENSG00000184840",1424.44823906841,0.685453118221213,0.165693189174678,4.13688167652196,3.52057532539977e-05,0.000957153406525239,"ENSG00000184840"
"ENSG00000197451",601.526303313155,0.4762399194076,0.131030813264271,3.63456432531706,0.000278450779765482,0.00485245329072927,"ENSG00000197451"
"ENSG00000170234",321.689009980351,-0.498769885454063,0.124605308241378,-4.00279805486196,6.2597731502131e-05,0.00152046195674784,"ENSG00000170234"
"ENSG00000196923",451.727678386139,0.869966503122183,0.208294379714908,4.17662014843081,2.95872493805856e-05,0.000825866564873255,"ENSG00000196923"
"ENSG00000213763",1628.60101475326,0.438893612831648,0.120521559179985,3.64161910796567,0.000270928724499437,0.00475722381135901,"ENSG00000213763"
"ENSG00000087116",221.481114929331,7.68177791695878,1.52352312956013,5.04211440437841,4.6041587082641e-07,2.73143433337435e-05,"ENSG00000087116"
"ENSG00000049656",1471.85854610975,0.634912051307386,0.139293061945365,4.55810248148911,5.16178508007493e-06,0.000195773505117193,"ENSG00000049656"
"ENSG00000215068",436.784285689316,-0.786970981318649,0.217069206573013,-3.62543814363621,0.000288471942121511,0.00495513515792819,"ENSG00000215068"
"ENSG00000247796",7.14021155203221,-2.11952728721644,0.607106573426129,-3.49119475886277,0.00048086558331375,0.00728964348037946,"ENSG00000247796"
"ENSG00000213585",708.991161806172,0.609691965720429,0.143751322739889,4.24129638670274,2.22232440823781e-05,0.000651422939370475,"ENSG00000213585"
"ENSG00000113070",564.672645003065,2.19773850457085,0.477121125801542,4.60624857236985,4.0999825421232e-06,0.000163620588438065,"ENSG00000113070"
"ENSG00000205269",703.884841068425,1.09160927844807,0.227697507141102,4.79412046339007,1.6339007653483e-06,7.82461296639328e-05,"ENSG00000205269"
"ENSG00000153162",186.565553747355,1.94259238210785,0.244951270567845,7.93052584542445,2.18219887299928e-15,1.39900065812864e-12,"ENSG00000153162"
"ENSG00000239264",89.0762481821203,2.70049139486412,0.314927776094991,8.57495463991586,9.91258557610398e-18,1.28073715660694e-14,"ENSG00000239264"
"ENSG00000065308",403.428706356998,1.1985687833392,0.180922817019395,6.62475194165651,3.47831789009612e-11,6.7772637007618e-09,"ENSG00000065308"
"ENSG00000065615",726.136271764748,0.578302992286054,0.164355921010839,3.51860151267636,0.000433827805828026,0.00670964499068186,"ENSG00000065615"
"ENSG00000170915",288.120509196249,-1.22952377272433,0.275928274251426,-4.45595427311662,8.3520834656201e-06,0.000292234695062912,"ENSG00000170915"
"ENSG00000156535",23.1902840961317,2.04369697781694,0.447400660183291,4.5679346494028,4.92553538423974e-06,0.000188612890609597,"ENSG00000156535"
"ENSG00000146410",14.9758539702168,2.32498510886437,0.517312631961146,4.49435209043762,6.97820866708529e-06,0.000255405007457925,"ENSG00000146410"
"ENSG00000198833",1779.80520275519,1.11851845516315,0.18973641858667,5.89511736067801,3.74415172114148e-09,4.32623670383521e-07,"ENSG00000198833"
"ENSG00000111885",1065.67985613031,1.0579151540731,0.272068928511778,3.88840857300359,0.000100903665824169,0.00220369170834014,"ENSG00000111885"
"ENSG00000112742",20.6505227438995,3.33777591781772,0.590287558661812,5.65449138956018,1.56308433302405e-08,1.47927323973905e-06,"ENSG00000112742"
"ENSG00000186231",15.1287715884658,-1.59304809710976,0.40831097632613,-3.90155589605641,9.55763855064549e-05,0.00211523951620856,"ENSG00000186231"
"ENSG00000231652",7.99568653291467,2.34824067173133,0.589421235131169,3.98397704692257,6.77714214148126e-05,0.00160343955856903,"ENSG00000231652"
"ENSG00000112290",62.4660036561021,1.58003008081717,0.464187272321689,3.40386342976287,0.000664399631004301,0.00927266732203614,"ENSG00000112290"
"ENSG00000008018",1738.89453596057,0.471018884723138,0.101642162713039,4.63408955644657,3.58511776856903e-06,0.000147212046554837,"ENSG00000008018"
"ENSG00000137171",123.854269833887,-0.544781189262878,0.145430499184315,-3.7459899561538,0.000179683780125569,0.00347039401964583,"ENSG00000137171"
"ENSG00000155115",336.364966235552,0.626897620003916,0.183117883140353,3.42346476080342,0.000618282676577995,0.0087706994391942,"ENSG00000155115"
"ENSG00000203760",53.8568577216599,1.78201677097413,0.303625314510665,5.86913108298003,4.38084981584328e-09,5.00373616322238e-07,"ENSG00000203760"
"ENSG00000286522",4.95989713737821,3.09865740894437,0.808269838392931,3.83369174718356,0.000126234315120956,0.0025943958414828,"ENSG00000286522"
"ENSG00000187837",233.521877481098,1.60420756582494,0.309142826455346,5.18921167998269,2.1118621751973e-07,1.39903829566237e-05,"ENSG00000187837"
"ENSG00000168298",421.66342000917,1.15723700901817,0.273153362154598,4.23658343389969,2.26946614166691e-05,0.000663284854404237,"ENSG00000168298"
"ENSG00000204392",136.014208386199,0.523728786696186,0.151911298486188,3.44759601106171,0.000565599341011325,0.00823496066172825,"ENSG00000204392"
"ENSG00000204389",182.913845732908,-1.19043885363035,0.261144624831604,-4.55854243371077,5.15098581151389e-06,0.000195737460837528,"ENSG00000204389"
"ENSG00000204569",372.309760591093,-0.836066584136176,0.194899156754404,-4.28973936090302,1.78882926672881e-05,0.00054581558987561,"ENSG00000204569"
"ENSG00000120254",58.2624532938503,1.11515108801745,0.196996702170047,5.66076018396925,1.50703908023151e-08,1.43305716174742e-06,"ENSG00000120254"
"ENSG00000137275",515.357918147109,-0.34183974398626,0.0957210688947739,-3.57120692375515,0.000355340016012528,0.00574392959589197,"ENSG00000137275"
"ENSG00000229502",60.7645157993095,0.795469782303682,0.224679259992244,3.54046823160777,0.000399417718021414,0.00631003793955292,"ENSG00000229502"
"ENSG00000112312",69.523584227903,1.30943071132667,0.307877711059659,4.25308706765374,2.10843549911211e-05,0.000621706930405848,"ENSG00000112312"
"ENSG00000184357",36.6362606535681,3.15063553355143,0.429468935976387,7.33611972746883,2.19875343342154e-13,8.09222698811476e-11,"ENSG00000184357"
"ENSG00000272540",527.803911887173,0.691878697862551,0.199260669634045,3.47222911141085,0.00051615562876637,0.00771864331535201,"ENSG00000272540"
"ENSG00000137266",51.5354078473459,-1.04778353320684,0.250516017615053,-4.18250115574197,2.88319551561541e-05,0.000811623621492076,"ENSG00000137266"
"ENSG00000164691",2042.86353498132,-1.30275692518667,0.21018725586134,-6.19807761345004,5.71569559150129e-10,8.05629320464516e-08,"ENSG00000164691"
"ENSG00000124575",227.272355104356,1.21870406299396,0.326759713477129,3.72966437638667,0.000191734991641975,0.00365344316768227,"ENSG00000124575"
"ENSG00000111801",896.433736694941,-0.687994483650454,0.19914321718077,-3.45477236629122,0.000550757610940011,0.00811999759630696,"ENSG00000111801"
"ENSG00000111875",253.796355944197,-0.701481839410838,0.182783144016565,-3.83778188730174,0.000124150679531458,0.00256990547465562,"ENSG00000111875"
"ENSG00000135297",447.858522695055,-0.51156597826365,0.133806886981265,-3.82316627944028,0.000131748867200817,0.00268827206031729,"ENSG00000135297"
"ENSG00000197062",133.689981797881,-0.830663614474683,0.155088393446388,-5.35606563467197,8.50536231844123e-08,6.4517393403321e-06,"ENSG00000197062"
"ENSG00000206337",612.126014816983,-1.04656580381849,0.240862179522366,-4.34508151463981,1.39223953626212e-05,0.000440595040504354,"ENSG00000206337"
"ENSG00000197061",1344.69957841483,1.09317768844711,0.306083319730581,3.57150363309358,0.000354937623622079,0.00574392959589197,"ENSG00000197061"
"ENSG00000237649",38.0755362744783,3.0642491653379,0.353884395148242,8.65889880240209,4.76343466530796e-18,7.28219234910233e-15,"ENSG00000237649"
"ENSG00000213588",58.5314775578035,-1.19128258891712,0.264603218638812,-4.5021470073017,6.72704237571227e-06,0.000248963203305225,"ENSG00000213588"
"ENSG00000204580",32.1844159661163,-1.65518738628304,0.334060392743189,-4.95475495520798,7.24214996982662e-07,3.96756382877908e-05,"ENSG00000204580"
"ENSG00000158691",50.8728711549273,-0.857589158952013,0.201469378277303,-4.25667248434958,2.07491969741345e-05,0.000615448013804494,"ENSG00000158691"
"ENSG00000276368",6.69298479400017,3.556074463923,0.949064737723175,3.7469250753685,0.00017901552737832,0.00346085076956881,"ENSG00000276368"
"ENSG00000146376",207.584594736091,0.771304251554978,0.17871283438517,4.31588617688548,1.58963879528847e-05,0.000490566481639178,"ENSG00000146376"
"ENSG00000231389",5740.06639617902,-0.63552438808076,0.165547954064815,-3.83891417849803,0.000123579613231262,0.00256102318389792,"ENSG00000231389"
"ENSG00000112394",31.5860252405163,-1.14771452199479,0.306759712699133,-3.74141216881519,0.000182989129689183,0.00351714309810717,"ENSG00000112394"
"ENSG00000277224",7.88495399758262,2.56312166480745,0.68496447754854,3.74197750222137,0.000182577863924496,0.0035126354962589,"ENSG00000277224"
"ENSG00000275713",24.6115493101762,2.54359433339127,0.582381536766062,4.36757378593376,1.2563435913548e-05,0.000405140247604004,"ENSG00000275713"
"ENSG00000180596",57.141941781728,1.29428463739928,0.266551066313798,4.85567233062793,1.19978958480024e-06,5.97609478905261e-05,"ENSG00000180596"
"ENSG00000196787",18.884422822832,1.47790162532217,0.367266280135683,4.02406021259609,5.72032815690177e-05,0.00141576340959235,"ENSG00000196787"
"ENSG00000197903",102.669484869113,1.24192004301398,0.241552361895774,5.14141130008842,2.72682380293858e-07,1.73140243640899e-05,"ENSG00000197903"
"ENSG00000274997",11.2947820749465,2.36017029687486,0.584213592266942,4.0399099372485,5.34717307264506e-05,0.00133840954213788,"ENSG00000274997"
"ENSG00000096654",124.269724320898,-0.652714191313988,0.165839116818726,-3.93582770961964,8.29104403948202e-05,0.00188531131854308,"ENSG00000096654"
"ENSG00000146414",334.461726284412,-0.554984728456849,0.122160907602629,-4.54306323805427,5.54426102295155e-06,0.000207645963001721,"ENSG00000146414"
"ENSG00000050393",165.354067333313,0.735015675293641,0.198084980059383,3.71060781626801,0.000206762212956001,0.00386929587597699,"ENSG00000050393"
"ENSG00000214894",14.881094968704,-1.28467619312115,0.367300783268125,-3.49761354084385,0.000469440841161886,0.00714917032739565,"ENSG00000214894"
"ENSG00000124762",2658.62696211496,0.807170979806281,0.236053501877874,3.41944081907281,0.000627499804694335,0.00887509047400199,"ENSG00000124762"
"ENSG00000124496",268.794979424254,-0.668287461150093,0.1830882817548,-3.6500831989078,0.000262155381480245,0.00465185361744499,"ENSG00000124496"
"ENSG00000213719",4413.73585322461,0.700495838243833,0.173943782809004,4.027139268398,5.64595935864078e-05,0.00140435289478882,"ENSG00000213719"
"ENSG00000204264",2674.76384598165,0.375431029560225,0.104962459745026,3.57681241914698,0.000347809570453178,0.00565197661748688,"ENSG00000204264"
"ENSG00000146285",507.106594027833,-0.857272215966809,0.234459172545987,-3.65638164912768,0.000255800429376148,0.00456763498061236,"ENSG00000146285"
"ENSG00000237499",683.876375140676,-1.29024518226964,0.251426305288021,-5.13170322728007,2.87131975653909e-07,1.81157488385581e-05,"ENSG00000237499"
"ENSG00000204344",157.397779142366,-0.473172457768656,0.134090196928038,-3.5287624942679,0.000417507653920967,0.00650788008943161,"ENSG00000204344"
"ENSG00000112695",893.18714425548,0.59356983148329,0.13874469208889,4.27814442878294,1.88457732510467e-05,0.000570946490230644,"ENSG00000112695"
"ENSG00000124562",790.013427608865,0.50071155461153,0.0997547578267336,5.01942529379128,5.18262953066863e-07,2.95127734362488e-05,"ENSG00000124562"
"ENSG00000204371",701.830913151667,-0.323430536187826,0.0893763451518394,-3.61874873758104,0.000296030883613789,0.00504572708485458,"ENSG00000204371"
"ENSG00000271913",1042.53345065259,-1.15577508160788,0.17731741007338,-6.51811393551023,7.11969065206913e-11,1.28633392744747e-08,"ENSG00000271913"
"ENSG00000290032",82.6343152145442,1.25829105584996,0.260246006061652,4.83500621159146,1.33141477665312e-06,6.5334659928899e-05,"ENSG00000290032"
"ENSG00000124772",280.479347071215,1.04009122744768,0.225437446859406,4.6136577659892,3.95643690314784e-06,0.000159493361081461,"ENSG00000124772"
"ENSG00000224531",79.8889236447659,0.934226146190069,0.207591561792236,4.50030886672105,6.78547941675058e-06,0.000250194096342302,"ENSG00000224531"
"ENSG00000137309",509.080969802675,0.962953499146524,0.209449442247204,4.59754625658058,4.27495737282957e-06,0.000169960059637049,"ENSG00000137309"
"ENSG00000166278",34.2579183772057,1.9057710802017,0.541338530363448,3.52047928109271,0.000430767645357727,0.00666750481607435,"ENSG00000166278"
"ENSG00000204209",1161.80680249602,-0.361688459966483,0.099707205125412,-3.62750575057791,0.000286172403344917,0.00493268893675359,"ENSG00000204209"
"ENSG00000227766",6640.94647841066,0.54911269348106,0.160356333607641,3.42432806442573,0.000616321700968572,0.0087651212269797,"ENSG00000227766"
"ENSG00000003147",54.265268278685,1.03084253478769,0.260048808257139,3.96403483521596,7.36934917031295e-05,0.00170498772305937,"ENSG00000003147"
"ENSG00000189043",1140.08602229535,0.617320216576226,0.178354032153362,3.46120695519465,0.000537759233495981,0.00798395558988866,"ENSG00000189043"
"ENSG00000136231",25.2592760876342,1.7077419505142,0.489741565617383,3.48702677168389,0.000488422462331374,0.00739353807210292,"ENSG00000136231"
"ENSG00000011426",27.4420343694953,2.78508369666033,0.508281494142262,5.47941195726638,4.2674172871206e-08,3.57850848794239e-06,"ENSG00000011426"
"ENSG00000078053",30.8443263315291,2.44207165146275,0.707263539786552,3.45284538801443,0.000554706841849802,0.00816610649994293,"ENSG00000078053"
"ENSG00000106070",119.466430812512,2.25553866061705,0.563630443869487,4.0018041700021,6.28613172705804e-05,0.00152168796520769,"ENSG00000106070"
"ENSG00000132432",254.247916518325,0.861387191243388,0.21115210604443,4.07946293967884,4.51398651436334e-05,0.001178856346734,"ENSG00000132432"
"ENSG00000173114",113.545103793081,-2.57432387743028,0.756941832309289,-3.40095337256827,0.000671512807649327,0.00933915013241618,"ENSG00000173114"
"ENSG00000284707",43.0438354389087,-1.98628954173872,0.310636822666933,-6.39425012361923,1.61337147279814e-10,2.66533174582864e-08,"ENSG00000284707"
"ENSG00000243317",537.654147816475,0.452462333101055,0.125893172600946,3.59401803730266,0.000325617280293266,0.00538913784793738,"ENSG00000243317"
"ENSG00000128578",13.2734580408916,2.04610456300387,0.528557707376672,3.87110912289797,0.000108341275397411,0.00233536741683764,"ENSG00000128578"
"ENSG00000105887",966.874690323185,0.534825810316673,0.103503653624788,5.16721672701018,2.3760568988722e-07,1.54319460157471e-05,"ENSG00000105887"
"ENSG00000170260",116.288491292561,-0.712815046650698,0.167125541835281,-4.26514725889864,1.99770397965062e-05,0.000600640981718251,"ENSG00000170260"
"ENSG00000106153",1431.05114630453,0.764041559786571,0.149399613139542,5.11407990777689,3.15273883545844e-07,1.96418594407213e-05,"ENSG00000106153"
"ENSG00000204946",141.471831149561,-0.902701067900769,0.203616014787605,-4.43335004293444,9.27800464417598e-06,0.000319015682177082,"ENSG00000204946"
"ENSG00000211713",5.32725802683379,-3.8868639528385,0.998903033708529,-3.89113239391027,9.97774685345455e-05,0.00218630364901384,"ENSG00000211713"
"ENSG00000133561",1059.12254940785,-1.02501058380347,0.2347764360195,-4.36590060391893,1.26600043226432e-05,0.000407127711825583,"ENSG00000133561"
"ENSG00000179144",1973.33299966508,-1.17672192122562,0.196898993425659,-5.97627189836246,2.28301839664396e-09,2.73329563945193e-07,"ENSG00000179144"
"ENSG00000106615",327.912981779215,0.499387720380551,0.14025317720566,3.56061609676246,0.000369985682350055,0.00592991568631048,"ENSG00000106615"
"ENSG00000273419",35.0896443102658,-1.15324641714313,0.276798784481597,-4.16637095897294,3.09486945500805e-05,0.00085784428938396,"ENSG00000273419"
"ENSG00000197024",208.414108172297,-0.712144137351563,0.169747078480987,-4.19532485462676,2.72480773399034e-05,0.000772508258278516,"ENSG00000197024"
"ENSG00000168090",1115.30923368976,0.325157688493225,0.0810472433520681,4.01195247419761,6.02186249862602e-05,0.00147709319425121,"ENSG00000168090"
"ENSG00000166508",992.656317513119,0.859775616258423,0.24904594530662,3.45227710975133,0.000555876522080356,0.00817122041407174,"ENSG00000166508"
"ENSG00000197093",28.1143402322436,-1.98215576593536,0.440012056660187,-4.5047760304126,6.64429814695997e-06,0.000246359666740079,"ENSG00000197093"
"ENSG00000166526",288.423056871771,-0.566253353554668,0.150382096639237,-3.7654306344265,0.000166262277849811,0.00325867505915893,"ENSG00000166526"
"ENSG00000164885",155.186285291436,0.722358842300703,0.171801467410241,4.20461392553648,2.61528183571115e-05,0.000752186848088617,"ENSG00000164885"
"ENSG00000241127",23.3240289640801,-1.68197514197467,0.310609389808357,-5.41508144043047,6.12608161763921e-08,4.85058749278732e-06,"ENSG00000241127"
"ENSG00000213203",559.262621274877,-1.05481902176486,0.216282407461813,-4.87704494389402,1.07686906008177e-06,5.44572409670869e-05,"ENSG00000213203"
"ENSG00000011275",1053.29923841658,-0.394313481546031,0.0968708456566587,-4.07050727051155,4.69108769609741e-05,0.00121355337284181,"ENSG00000011275"
"ENSG00000240449",92.5116844412517,-0.583409840589156,0.172706091959848,-3.37805015427475,0.000730017648026398,0.00995347814107812,"ENSG00000240449"
"ENSG00000105974",24.7101749028059,3.10591602827644,0.652281713744406,4.76161750794301,1.92047419558308e-06,8.8202285892882e-05,"ENSG00000105974"
"ENSG00000105976",7.76870552983724,2.89531501336738,0.722628493652163,4.00664385476203,6.15876208834937e-05,0.00150183113796141,"ENSG00000105976"
"ENSG00000050344",148.950406323555,-0.836976443295057,0.240608216404009,-3.47858629187325,0.000504066118088327,0.0075835049438966,"ENSG00000050344"
"ENSG00000105968",731.927085444449,0.526654673784674,0.145424252369362,3.62150511488982,0.000292894013493826,0.00500083816509991,"ENSG00000105968"
"ENSG00000146833",368.194968970477,-0.822136187087609,0.108400398120629,-7.58425431401766,3.34404677643503e-14,1.54557175895046e-11,"ENSG00000146833"
"ENSG00000180535",102.47379793255,3.104014414756,0.512734930834084,6.05383840283048,1.41434496061752e-09,1.74588147498836e-07,"ENSG00000180535"
"ENSG00000105835",5463.10470019094,1.08660079073762,0.288184580287092,3.7705028827536,0.000162918920477776,0.00320579269858943,"ENSG00000105835"
"ENSG00000128563",333.427934630663,-0.407921912503856,0.109305909129279,-3.73192918620158,0.000190018924436682,0.00362421891003323,"ENSG00000128563"
"ENSG00000106144",334.294487635368,-0.416907134950574,0.112382494030317,-3.7097159886673,0.000207491878681699,0.0038756518768046,"ENSG00000106144"
"ENSG00000106268",190.026212744003,0.520233941299038,0.150775105812718,3.45039679126629,0.000559763155469579,0.00818842121866653,"ENSG00000106268"
"ENSG00000122642",49.8054829442183,1.2936622637575,0.336879387988221,3.84013480754344,0.000122966768121025,0.00255364843222284,"ENSG00000122642"
"ENSG00000075142",817.407839870486,0.447544077768389,0.100415651089012,4.45691555962394,8.31473353441472e-06,0.000291440942262713,"ENSG00000075142"
"ENSG00000254003",196.574826100747,0.44814509294825,0.118378842542413,3.78568571311793,0.000153285307224782,0.00304031157264005,"ENSG00000254003"
"ENSG00000105875",240.946292326821,-0.744568788359084,0.1319344056316,-5.64347703538486,1.66649764189724e-08,1.56226293089933e-06,"ENSG00000105875"
"ENSG00000106462",199.360132595252,1.03485745080047,0.241169379753842,4.29099851671359,1.77871503057555e-05,0.00054384896181013,"ENSG00000106462"
"ENSG00000169871",465.393647733955,-0.554471802855622,0.153509652641933,-3.6119670217022,0.000303883218365504,0.00511378076358681,"ENSG00000169871"
"ENSG00000173041",44.1000241498021,-0.95559434333781,0.246162635381246,-3.881963409507,0.000103616471034536,0.00225303473231988,"ENSG00000173041"
"ENSG00000214022",901.757492422738,-0.46103176926248,0.088377098465555,-5.21664296822515,1.8219495970672e-07,1.24675859156863e-05,"ENSG00000214022"
"ENSG00000106341",15.039893559549,-4.48761820104514,0.766941508929576,-5.85131740660188,4.87694493781012e-09,5.44519121876619e-07,"ENSG00000106341"
"ENSG00000106608",303.289646524096,-0.773359473446313,0.150834743154812,-5.12719720450986,2.94087427257023e-07,1.84958655990699e-05,"ENSG00000106608"
"ENSG00000166529",86.4699062303621,-0.687038272746899,0.198043930321039,-3.46912057154781,0.000522165056737227,0.00778507752257738,"ENSG00000166529"
"ENSG00000127922",364.524000353237,0.480304090696283,0.118744612579614,4.04484953264096,5.23567401143133e-05,0.00131880589737879,"ENSG00000127922"
"ENSG00000106351",144.689713498499,-1.05588517520277,0.271898589203387,-3.8833786460471,0.000103014956975611,0.00224486760409353,"ENSG00000106351"
"ENSG00000106244",2582.41889547536,0.48351019301678,0.140934863131075,3.43073517989014,0.000601947931743399,0.0086065562557326,"ENSG00000106244"
"ENSG00000106245",658.102815778021,0.414343666724197,0.0905488215873683,4.57591451175769,4.74144147782911e-06,0.000182973607631797,"ENSG00000106245"
"ENSG00000183696",867.091190932232,0.864556763294212,0.241602068477024,3.57843278720286,0.000345660733400129,0.0056308700127821,"ENSG00000183696"
"ENSG00000211694",54.7929219724764,-1.18873024702361,0.326297086370787,-3.64309182237932,0.000269382686381844,0.00475040950235383,"ENSG00000211694"
"ENSG00000249978",21.9874229965974,-1.16727917392627,0.344021182109824,-3.39304448280638,0.000691204128071368,0.00953951841645308,"ENSG00000249978"
"ENSG00000228668",9.8690942457224,-2.27502681628206,0.653029756708439,-3.48380267960408,0.000494343799135165,0.00747117008670135,"ENSG00000228668"
"ENSG00000197362",120.84158930563,-1.46534806633236,0.213894050664261,-6.8508126419675,7.34316386764094e-12,1.8242254838187e-09,"ENSG00000197362"
"ENSG00000155660",2643.80137637934,1.06874988408163,0.220400886430521,4.84911790233904,1.24011699029365e-06,6.14615587658255e-05,"ENSG00000155660"
"ENSG00000226824",47.6963716704271,1.16970614746469,0.317313360782944,3.68628079378233,0.000227555270519255,0.00415664838814309,"ENSG00000226824"
"ENSG00000234456",14.1209001755551,2.53551155200694,0.686706171070202,3.6922801320621,0.000222252460631157,0.00407852761088052,"ENSG00000234456"
"ENSG00000196329",42.5198431089883,-1.64530628604455,0.311534583397459,-5.28129579740895,1.28273397794764e-07,9.23661415859834e-06,"ENSG00000196329"
"ENSG00000136238",1852.63577013243,0.632577220500833,0.149017320965829,4.24499122921347,2.18601971480739e-05,0.000642676861125475,"ENSG00000136238"
"ENSG00000290600",15.5803735364302,-1.30596815324492,0.361025143593565,-3.61738836316385,0.000297590616858472,0.00504777713093793,"ENSG00000290600"
"ENSG00000291118",95.6099876094414,-0.983747066975872,0.206965830529834,-4.7531858976792,2.00236081276807e-06,9.12727495251207e-05,"ENSG00000291118"
"ENSG00000128595",689.593961502472,0.732140906068955,0.178287765453976,4.10651232407731,4.01678040184826e-05,0.00106723922067289,"ENSG00000128595"
"ENSG00000185915",10.154186511683,-1.89936816952453,0.457360041567272,-4.15289486815641,3.28295587618524e-05,0.000901180456951733,"ENSG00000185915"
"ENSG00000228232",11.7310169643578,1.4054007486485,0.407554053068002,3.44837878084851,0.000563962547711953,0.00822317804345368,"ENSG00000228232"
"ENSG00000047597",38.6918224495428,2.27891157954262,0.53504819063659,4.25926415493756,2.05100975236062e-05,0.000613049155349779,"ENSG00000047597"
"ENSG00000101844",176.985443908536,0.483107288259888,0.142196947029327,3.39745190281933,0.000680165433493291,0.0094396702690263,"ENSG00000101844"
"ENSG00000102265",1720.80604169076,1.15418225763909,0.221821962629146,5.20319198315234,1.95894312265488e-07,1.31527147363659e-05,"ENSG00000102265"
"ENSG00000241743",11.3683194509307,2.23301882381072,0.534524472158908,4.17758014856028,2.94626859396334e-05,0.000823648265691799,"ENSG00000241743"
"ENSG00000131174",680.963738185125,0.637529827721066,0.16280362859366,3.91594360167653,9.00512993454062e-05,0.00202223674936791,"ENSG00000131174"
"ENSG00000180879",1426.73813686866,0.637580750191798,0.129577412328201,4.9204621294404,8.63401057573982e-07,4.56362569633652e-05,"ENSG00000180879"
"ENSG00000049769",67.585736106832,-0.673274397058834,0.19103444100252,-3.52436133257224,0.000424504938943971,0.00660141718041665,"ENSG00000049769"
"ENSG00000101842",40.6942873759555,-1.32235081686085,0.296418621129459,-4.4610922614181,8.1542972496472e-06,0.00028836032658272,"ENSG00000101842"
"ENSG00000147403",3415.99500401679,-0.584928333596174,0.15630896567867,-3.74212912903941,0.000182467707126418,0.0035126354962589,"ENSG00000147403"
"ENSG00000187808",46.8268442699186,-1.16173263661139,0.336707742369035,-3.45027004261198,0.000560026054387338,0.00818842121866653,"ENSG00000187808"
"ENSG00000125356",971.819195494245,0.55868336792263,0.11844376166064,4.7168661319905,2.39505164504243e-06,0.000104613750315545,"ENSG00000125356"
"ENSG00000183337",254.106673351086,-0.667609377101923,0.147723154096038,-4.51932793601127,6.20362413160704e-06,0.000230881696613405,"ENSG00000183337"
"ENSG00000123131",283.793937527851,1.16190993382841,0.169928022920708,6.83765934457189,8.04975312097001e-12,1.9750715250143e-09,"ENSG00000123131"
"ENSG00000184831",50.2786405301636,0.793636192185991,0.220098022040539,3.60583064231179,0.000311156025146985,0.00520970079508945,"ENSG00000184831"
"ENSG00000002586",2034.87854841123,0.499736254669973,0.101264992771716,4.93493596347297,8.01770615072093e-07,4.27195421017232e-05,"ENSG00000002586"
"ENSG00000072506",570.866158666929,0.52032440076678,0.148337742556806,3.50770068222873,0.000451997294489566,0.00691644473628378,"ENSG00000072506"
"ENSG00000184634",557.558651757831,-0.547891394712322,0.125804606890338,-4.3550980226814,1.33007385642889e-05,0.000424299965050846,"ENSG00000184634"
"ENSG00000017483",268.559391616401,1.45639456833558,0.184381786795622,7.89879843148457,2.81604849053319e-15,1.71912436365842e-12,"ENSG00000017483"
"ENSG00000165175",649.712874801168,-0.796738528872785,0.207383801506323,-3.84185516460644,0.000122107886137904,0.00254112264827718,"ENSG00000165175"
"ENSG00000147123",617.982049888094,0.390439689350048,0.10835734049373,3.60326017204751,0.000314250698301387,0.00524384414613078,"ENSG00000147123"
"ENSG00000013563",332.020978160836,0.407415779965243,0.118847845949801,3.42804513375301,0.000607944378531427,0.00866525307703309,"ENSG00000013563"
"ENSG00000090889",30.0027987510447,3.41059699432969,0.452083608654391,7.54417308887,4.55166276594705e-14,2.01021657356515e-11,"ENSG00000090889"
"ENSG00000102245",230.310191950427,-1.37967430385494,0.309362501100626,-4.4597334807756,8.20616342652275e-06,0.000289165411238853,"ENSG00000102245"
"ENSG00000176896",63.5625545905636,-0.66416701894746,0.187245965820387,-3.54702979066878,0.000389600533525068,0.00619353460140231,"ENSG00000176896"
"ENSG00000102053",35.5252850659921,-1.18512253383192,0.317072419662706,-3.73770299886892,0.000185709135524181,0.00356253220020037,"ENSG00000102053"
"ENSG00000101856",322.44426451306,0.704066710581609,0.19633862496851,3.58598167168855,0.000335812545140052,0.00550201032325919,"ENSG00000101856"
"ENSG00000029993",59.4831797918493,2.10993778941467,0.32874752055004,6.41811012257813,1.37976437872793e-10,2.32385061549482e-08,"ENSG00000029993"
"ENSG00000275342",58.5467124879901,-0.864979797855993,0.22586594418353,-3.8296158413025,0.00012834345668165,0.00262958542071249,"ENSG00000275342"
"ENSG00000179388",12.3101675888573,2.4305126121847,0.664256222382336,3.65899863680272,0.000253202686920132,0.00453755653728647,"ENSG00000179388"
"ENSG00000104228",211.367808348978,-0.728448335626393,0.171689086391141,-4.24283424729076,2.2071445576044e-05,0.000647928965108271,"ENSG00000104228"
"ENSG00000147459",489.034572937471,0.757671450531976,0.220001994108582,3.44392992255346,0.000573324281321185,0.00833285620138243,"ENSG00000147459"
"ENSG00000184661",30.0905617017844,3.41191533681054,0.558460723378268,6.10949918943451,9.99442635693689e-10,1.31542536038254e-07,"ENSG00000184661"
"ENSG00000177182",7.56757293290865,2.64477530104975,0.776274189996966,3.40701176868973,0.000656782950307149,0.00917925763319569,"ENSG00000177182"
"ENSG00000164687",85.1682389902865,1.72544566379164,0.310897804926573,5.54988049593708,2.8586493683888e-08,2.52501322432707e-06,"ENSG00000164687"
"ENSG00000147649",1358.34924547436,0.529754417510603,0.092367952144594,5.73526212512883,9.73616504676471e-09,9.77255273431323e-07,"ENSG00000147649"
"ENSG00000137571",8.22995619985599,2.08905398518837,0.599097010034119,3.48700452547642,0.000488463091912606,0.00739353807210292,"ENSG00000137571"
"ENSG00000254027",42.6328010374058,1.52579890605683,0.303939506548352,5.02007430157521,5.16514965707514e-07,2.95127734362488e-05,"ENSG00000254027"
"ENSG00000156467",376.385652372068,0.564377716744462,0.164020423890359,3.44089902560992,0.000579784854042457,0.00839582660683014,"ENSG00000156467"
"ENSG00000136982",11.1529137176893,2.28567266979356,0.570084660126053,4.00935655642474,6.0884424599484e-05,0.00148650743794858,"ENSG00000136982"
"ENSG00000156509",3.68006628464561,4.31942524924559,1.09822142585216,3.93310961484288,8.38539749804726e-05,0.00190241312644054,"ENSG00000156509"
"ENSG00000171045",135.152006543104,-0.799687892376922,0.233972784115987,-3.41786714808888,0.000631139058258034,0.00890827417082399,"ENSG00000171045"
"ENSG00000130193",274.025711462743,-0.587588642213429,0.165825094774625,-3.54342413017781,0.000394966937652636,0.00625962752704025,"ENSG00000130193"
"ENSG00000173334",1499.74116847385,1.53423945784316,0.235287247824391,6.52070807929316,6.99762575099844e-11,1.27587902913159e-08,"ENSG00000173334"
"ENSG00000205268",781.281694342459,-0.788876578717154,0.178361707470009,-4.42290326722624,9.7383349879192e-06,0.000330272473634652,"ENSG00000205268"
"ENSG00000185189",145.81171732,-0.940030889204049,0.192951463621031,-4.87185156081703,1.10557222035617e-06,5.57668586481181e-05,"ENSG00000185189"
"ENSG00000137563",82.1610458058743,2.35625568035414,0.336144156291323,7.00965831549983,2.3890082932791e-12,6.88103635081577e-10,"ENSG00000137563"
"ENSG00000147687",322.645581820957,0.428202638038726,0.123795536130542,3.45895055203918,0.000542284451640318,0.00803082056028293,"ENSG00000147687"
"ENSG00000147684",1157.46525403073,0.510541533977635,0.109753480974053,4.65171153977642,3.29191348137138e-06,0.000136298934434948,"ENSG00000147684"
"ENSG00000104687",956.925464209846,0.728212531247059,0.187672956019917,3.88022092628934,0.000104361627344931,0.00226675735721656,"ENSG00000104687"
"ENSG00000168615",479.783057092174,1.22616172647053,0.315211630448134,3.88996346590163,0.000100259314991653,0.00219202819157769,"ENSG00000168615"
"ENSG00000275074",148.160574213757,0.650379232444924,0.191401877617938,3.39797728496249,0.000678860564787138,0.00943473766753816,"ENSG00000275074"
"ENSG00000175305",37.808881738883,1.10689248287391,0.303953505295237,3.64165065903341,0.000270895515561797,0.00475722381135901,"ENSG00000175305"
"ENSG00000183309",118.473832549374,-0.785317416290864,0.163198669699422,-4.81203319694489,1.49402529160445e-06,7.22439383098462e-05,"ENSG00000183309"
"ENSG00000155090",2948.44781053899,0.976621678764655,0.233778462444759,4.17755198041577,2.94663337479556e-05,0.000823648265691799,"ENSG00000155090"
"ENSG00000196150",75.372239598504,-0.880988899523146,0.226129460680978,-3.89594923576119,9.78148764877882e-05,0.00215518054913337,"ENSG00000196150"
"ENSG00000076554",210.147577791922,0.806196611232558,0.224594530474257,3.58956475712112,0.000331230542134083,0.00545391532259549,"ENSG00000076554"
"ENSG00000173530",250.854971268903,-0.697401871836442,0.19191680190557,-3.63387605937487,0.000279195018059481,0.00485877564703514,"ENSG00000173530"
"ENSG00000147457",1089.5262708628,-0.868108039188419,0.113830304675217,-7.62633502269298,2.41521668714789e-14,1.14285753429469e-11,"ENSG00000147457"
"ENSG00000160957",112.628538852021,1.26882524204974,0.287204798867388,4.41784136982892,9.96915417728699e-06,0.000334673936012503,"ENSG00000160957"
"ENSG00000154589",117.38942346487,1.38485578740652,0.342495227295223,4.04343090659423,5.26746837959847e-05,0.00132513501995114,"ENSG00000154589"
"ENSG00000168672",125.858340446347,-1.08332910893351,0.295700863276137,-3.66359805964399,0.000248696943539899,0.00446889968888964,"ENSG00000168672"
"ENSG00000104738",412.517636912689,1.79709077288832,0.318758387971655,5.63778347708335,1.722529004712e-08,1.5922577413789e-06,"ENSG00000104738"
"ENSG00000175324",261.964760868181,0.535969902083763,0.156543576727311,3.42377447410307,0.000617578502668358,0.00876696797287925,"ENSG00000175324"
"ENSG00000120885",2549.09855947837,2.86872224985812,0.70224450674202,4.08507609859024,4.40623733522012e-05,0.0011583275238117,"ENSG00000120885"
"ENSG00000171320",16.5762635104326,2.46119054247219,0.463274603928269,5.3125954274266,1.08074798692764e-07,7.89661231330881e-06,"ENSG00000171320"
"ENSG00000168078",15.4711838979567,4.43371417406731,0.731243543692834,6.06325240381164,1.33396071758729e-09,1.67601482607845e-07,"ENSG00000168078"
"ENSG00000189233",22.3236570763153,1.45257715727934,0.376992192015062,3.85306960739733,0.000116646212165473,0.00245055689278711,"ENSG00000189233"
"ENSG00000282164",52.605104398438,-1.18295882343422,0.34387373875193,-3.44009643692974,0.000581506944564457,0.00841111282116013,"ENSG00000282164"
"ENSG00000104549",181.402967102471,1.15190976021696,0.299162554613807,3.85044766616588,0.000117902122358326,0.00247171601239386,"ENSG00000104549"
"ENSG00000251127",5.85084347075154,5.60505484041952,1.13018029283843,4.95943423888812,7.06987748790544e-07,3.89215360649952e-05,"ENSG00000251127"
"ENSG00000198363",303.756281773018,1.57583851923543,0.45591262458303,3.4564485260233,0.000547343733472972,0.0080881725065981,"ENSG00000198363"
"ENSG00000160932",3274.32064900848,1.34243442366926,0.369595583686817,3.63217117011548,0.000281046590543143,0.00488403295979509,"ENSG00000160932"
"ENSG00000185730",69.3008443823551,-1.43322223995201,0.211575542522426,-6.77404497166822,1.25230716789029e-11,2.86073019018983e-09,"ENSG00000185730"
"ENSG00000106993",102.506554419121,-0.920897009983015,0.2180659487116,-4.22302067527715,2.41049697751173e-05,0.000699360831110482,"ENSG00000106993"
"ENSG00000165092",210.95199898214,-1.43289328780835,0.320487338363101,-4.47098252032949,7.78610627505131e-06,0.000279821114123634,"ENSG00000165092"
"ENSG00000135069",60.8536204966516,1.15880885952861,0.284700135770181,4.07027856307044,4.69569560086221e-05,0.00121355337284181,"ENSG00000135069"
"ENSG00000135052",303.147568731567,0.789128095608437,0.228025067786714,3.46070764617229,0.000538757556134494,0.00798588212240766,"ENSG00000135052"
"ENSG00000135048",440.342474646686,1.05000265888352,0.240701931287193,4.36225273834927,1.28730036133883e-05,0.000411315231209774,"ENSG00000135048"
"ENSG00000165030",736.486154809994,1.28390009138807,0.250162313784245,5.13226821404997,2.86271157620719e-07,1.81157488385581e-05,"ENSG00000165030"
"ENSG00000136810",578.822607871263,1.01394303417165,0.1706367431005,5.94211431692916,2.81369081296696e-09,3.3484605519105e-07,"ENSG00000136810"
"ENSG00000213557",9.95865360978754,-2.96374604865922,0.664622182356729,-4.45929450947584,8.22298673907017e-06,0.000289245377791647,"ENSG00000213557"
"ENSG00000269994",5.68446627305275,2.15649123966454,0.601258866961612,3.58662692254686,0.000334983052659012,0.0054974840532991,"ENSG00000269994"
"ENSG00000147872",1374.61438373097,1.15212291255689,0.312643983642347,3.68509542110644,0.000228616972720111,0.00416837955581605,"ENSG00000147872"
"ENSG00000165304",33.0262195625149,2.94486091307513,0.48200765642569,6.10957289540303,9.98981199887699e-10,1.31542536038254e-07,"ENSG00000165304"
"ENSG00000178445",72.7153652173561,3.24750628032449,0.818982930911013,3.96529177563208,7.33062213103659e-05,0.0017019717784138,"ENSG00000178445"
"ENSG00000106868",655.996168995031,0.820130268151463,0.192572256201271,4.25881840058147,2.05510337660747e-05,0.00061326012772818,"ENSG00000106868"
"ENSG00000186193",115.975045535993,1.61928273555694,0.405887377754207,3.98948778480499,6.62161289229487e-05,0.00157225728341061,"ENSG00000186193"
"ENSG00000231864",31.5381189965439,2.07474295774075,0.438788378099789,4.72834528281174,2.26357013297898e-06,0.000100415608979518,"ENSG00000231864"
"ENSG00000119326",33.0157216306419,2.2011708874581,0.318922461173887,6.90189985163179,5.13116064058964e-12,1.3780633320416e-09,"ENSG00000119326"
"ENSG00000237846",36.7194794156801,2.09609403617071,0.554303342125698,3.78149268978318,0.00015589080070077,0.0030827599732608,"ENSG00000237846"
"ENSG00000172889",45.97262202635,2.04735838870883,0.589506345240625,3.47300483741721,0.000514666078898239,0.007707968087433,"ENSG00000172889"
"ENSG00000227218",28.8152734208129,-1.39936642621342,0.389769559602453,-3.59024041703183,0.000330373099979218,0.00544882571700164,"ENSG00000227218"
"ENSG00000167106",1228.54212711276,-1.3953927851307,0.312851312910323,-4.46024270171653,8.18668905667173e-06,0.00028899157781935,"ENSG00000167106"
"ENSG00000119401",86.5979660563072,-1.43596692530486,0.259557912238569,-5.53235658632133,3.15956751724051e-08,2.74206309334663e-06,"ENSG00000119401"
"ENSG00000231991",221.643678697622,0.826542618854327,0.213646586833918,3.86873776503087,0.000109400223649743,0.00234784256825941,"ENSG00000231991"
"ENSG00000135047",501.210117629104,1.48197454261273,0.317066118480153,4.67402366962618,2.95355269707049e-06,0.000124362089621989,"ENSG00000135047"
"ENSG00000165283",607.103862706383,0.401526700823036,0.116302812100902,3.45242469695986,0.000555572524481867,0.00817122041407174,"ENSG00000165283"
"ENSG00000137100",523.037495124103,0.411279669253138,0.119207441625792,3.4501174057925,0.000560342802525233,0.00818842121866653,"ENSG00000137100"
"ENSG00000213930",153.68042265883,-1.02845412533459,0.14128937180201,-7.27906219850544,3.3614868542288e-13,1.19296767394541e-10,"ENSG00000213930"
"ENSG00000148296",217.636214843244,-0.665537105841509,0.171924311940901,-3.87110524583798,0.00010834299880871,0.00233536741683764,"ENSG00000148296"
"ENSG00000148297",305.544660398078,-0.572291818259986,0.169248262183663,-3.38137485653444,0.000721240771978507,0.00988503735731463,"ENSG00000148297"
"ENSG00000148248",2391.28804395075,0.390303894265937,0.0940022762346594,4.15206854450647,3.29483536946198e-05,0.000903193905278448,"ENSG00000148248"
"ENSG00000122707",255.624335591722,-0.624528430640504,0.157572905074811,-3.96342524968996,7.38820044241331e-05,0.00170736157665723,"ENSG00000122707"
"ENSG00000044574",8327.36896784033,0.902169112167898,0.199365204190269,4.52520847773863,6.03359985133679e-06,0.000224975165938963,"ENSG00000044574"
"ENSG00000122729",215.324676122349,-0.671423290275819,0.150607593752067,-4.45809718851977,8.26904110287341e-06,0.000290351453848951,"ENSG00000122729"
"ENSG00000160446",451.649195796244,0.818570014182833,0.18549899870976,4.41280017615407,1.02042170260054e-05,0.000341411799957628,"ENSG00000160446"
"ENSG00000095321",391.433907652537,0.843932670406834,0.184219524837665,4.58112499828947,4.62481300347804e-06,0.000179717892889251,"ENSG00000095321"
"ENSG00000119333",148.340748143674,1.19128107165988,0.286727602254149,4.15474848704645,3.25645549652333e-05,0.000896452786158758,"ENSG00000119333"
"ENSG00000187764",2572.05070693411,-0.461394272551385,0.118600532109776,-3.89032211191364,0.000100111243618863,0.0021912013829089,"ENSG00000187764"
"ENSG00000106853",12.3499783873617,3.31371400548993,0.587431899992513,5.6410181427535,1.69047546413954e-08,1.56993034459389e-06,"ENSG00000106853"
"ENSG00000198121",70.4367359312277,-1.6144092427729,0.430317971785463,-3.75166585786423,0.000175663484040713,0.00340598642129281,"ENSG00000198121"
"ENSG00000196358",61.2007896054471,0.863305955607875,0.223194004195159,3.86796212882586,0.000109748704131679,0.00234784256825941,"ENSG00000196358"
"ENSG00000127191",284.579464548885,-0.654633059618984,0.164690959381587,-3.97491800446804,7.04035076484824e-05,0.00165117130321077,"ENSG00000127191"
"ENSG00000023318",1113.72382248207,0.533927528232105,0.158006323930959,3.37915290318003,0.000727095566025039,0.00993352266753074,"ENSG00000023318"
"ENSG00000169155",326.693994026743,0.734907559926925,0.200862134378232,3.65876605962507,0.0002534325482129,0.00453758420106592,"ENSG00000169155"
"ENSG00000288995",39.5165550818659,1.39483931411675,0.306636510601484,4.5488363775752,5.39433638845482e-06,0.000202659813580626,"ENSG00000288995"
"ENSG00000136930",793.204484822602,0.448034526057137,0.1079829105045,4.1491243749951,3.33749449716472e-05,0.000913627625849198,"ENSG00000136930"
"ENSG00000147889",35.0200028920205,1.21774103629091,0.341070244269234,3.57035260844875,0.000356501008547165,0.00575556542962336,"ENSG00000147889"
"ENSG00000123975",94.2675229901919,1.38135770484137,0.317554642469404,4.34998428648217,1.3614728771416e-05,0.000432926591364994,"ENSG00000123975"
"ENSG00000106803",710.821251960173,0.601935093216648,0.14130337848817,4.25987757445616,2.04538905243561e-05,0.000613049155349779,"ENSG00000106803"
"ENSG00000106799",482.529671565982,-0.785863171495342,0.181037924761656,-4.34087593817684,1.41915837968154e-05,0.000446271418319477,"ENSG00000106799"
"ENSG00000070214",661.077704863145,0.631724720445235,0.167095112838973,3.7806295451263,0.000156432296359945,0.00308732418853778,"ENSG00000070214"
"ENSG00000136878",1026.06166366606,-0.736219440765935,0.16773794241779,-4.38910499409974,1.13818111765109e-05,0.000372042952832201,"ENSG00000136878"
"ENSG00000136938",360.297067129967,0.575593535990913,0.161595442929972,3.56194163371518,0.000368122233803587,0.00590481135965495,"ENSG00000136938"
"ENSG00000106785",1478.41639530447,0.634352829417558,0.184493633157963,3.43834537029485,0.000585280698352187,0.00845954079931008,"ENSG00000106785"
"ENSG00000138835",386.691401758461,-0.57747455881514,0.155915598288209,-3.70376386426508,0.000212424006442156,0.00393816670152184,"ENSG00000138835"
"ENSG00000126882",370.732823626015,-0.563265578990842,0.144697287779495,-3.89271691014145,9.91278007831107e-05,0.00217686841189342,"ENSG00000126882"
"ENSG00000107262",626.503914239639,0.420375440315197,0.0963047218178135,4.36505534080096,1.2709057916934e-05,0.000408044938677134,"ENSG00000107262"
"ENSG00000149054",9.12608748230022,2.73554117033791,0.673232389786434,4.06329405987982,4.83850117876454e-05,0.00124398929400733,"ENSG00000149054"
"ENSG00000167333",157.020060563662,-0.761621389602999,0.17732242584509,-4.29512164619468,1.7459757209462e-05,0.000535486442563037,"ENSG00000167333"
"ENSG00000152219",239.137540751501,-0.841004455104338,0.170362112711634,-4.93656976729256,7.95086027211084e-07,4.24772572709492e-05,"ENSG00000152219"
"ENSG00000152270",763.144246321611,-0.957942694432157,0.260931989723589,-3.67123515766283,0.000241381120208394,0.00436109853001966,"ENSG00000152270"
"ENSG00000129173",11.9656236396754,2.97700550427479,0.773476201694938,3.84886503004385,0.000118666365156076,0.00248511627092924,"ENSG00000129173"
"ENSG00000184384",205.860906627342,-0.796734090604427,0.152739939634986,-5.21627867935813,1.825534618831e-07,1.24675859156863e-05,"ENSG00000184384"
"ENSG00000118113",4.35688463503093,4.54580749338439,1.31257129872504,3.46328424048275,0.000533624365091315,0.00793212463113297,"ENSG00000118113"
"ENSG00000165895",18.0861170357291,2.04588844418001,0.407542017178472,5.02006752173499,5.16533196585737e-07,2.95127734362488e-05,"ENSG00000165895"
"ENSG00000137642",5278.79134768916,-0.77011226034849,0.193015951730197,-3.9898891954017,6.61041689147529e-05,0.00157147637920072,"ENSG00000137642"
"ENSG00000109971",6360.36598649115,-0.794617144935404,0.171731511195821,-4.62708992311447,3.70839528369403e-06,0.00015133603258344,"ENSG00000109971"
"ENSG00000121621",18.4514032393417,1.57262912107668,0.438055493515109,3.59002259840953,0.000330649294260884,0.00544885909961925,"ENSG00000121621"
"ENSG00000126432",968.629121526701,0.727472091778288,0.132149718339627,5.50490837906042,3.6936030930658e-08,3.16408051170645e-06,"ENSG00000126432"
"ENSG00000223609",42.0471534032125,5.31905317879526,1.38289746333124,3.8463106049687,0.000119909739403773,0.00250515338223242,"ENSG00000223609"
"ENSG00000189057",35.5158638902809,2.20363147405951,0.376060098172801,5.85978540336107,4.63465701555162e-09,5.22217449872164e-07,"ENSG00000189057"
"ENSG00000110583",221.461745786122,-0.543353411501635,0.158808895575518,-3.42142931938755,0.000622929141097022,0.00881773059128364,"ENSG00000110583"
"ENSG00000176340",546.590424644066,0.654071803069404,0.112471937701508,5.81542219718187,6.04810391520607e-09,6.56830695141013e-07,"ENSG00000176340"
"ENSG00000254554",22.7785207135214,1.41940712333818,0.304247025670427,4.66531141992409,3.08149988226382e-06,0.000129201959198547,"ENSG00000254554"
"ENSG00000148926",633.856443746223,3.45485118278204,0.652120160310371,5.29787513567703,1.17158034667998e-07,8.5289332637062e-06,"ENSG00000148926"
"ENSG00000172500",695.031954343023,0.509851155045973,0.144347371804244,3.53211249136842,0.000412253944823546,0.00644621156524245,"ENSG00000172500"
"ENSG00000175602",488.939713165766,0.449076729659774,0.125567900718414,3.57636567220176,0.000348404213759022,0.00565701417013628,"ENSG00000175602"
"ENSG00000175592",92.1778470824552,3.36829475629823,0.514454987760561,6.54730702672458,5.85838454948773e-11,1.10885270987161e-08,"ENSG00000175592"
"ENSG00000174669",68.3363192353817,-0.809876083231281,0.218521524201253,-3.70616160669557,0.000210424060442428,0.00390838110021759,"ENSG00000174669"
"ENSG00000134825",416.409392772724,0.656002580478646,0.142138397201393,4.61523834090494,3.92644448713075e-06,0.00015860601166105,"ENSG00000134825"
"ENSG00000168496",276.216950915917,1.37967261672674,0.259050064651005,5.3258918062246,1.00458917814334e-07,7.44970348000774e-06,"ENSG00000168496"
"ENSG00000075239",331.706140924836,0.640867545754738,0.16441685753139,3.89782139968455,9.70619567536114e-05,0.00214096484852528,"ENSG00000075239"
"ENSG00000110090",152.611090819418,0.965228294854848,0.281121361619672,3.43349324040591,0.000595857060771714,0.00855231155250172,"ENSG00000110090"
"ENSG00000070047",649.479900731411,-0.67276335579458,0.168330552594519,-3.99668001693761,6.42370368500988e-05,0.00154184404632713,"ENSG00000070047"
"ENSG00000110063",334.678504254916,0.686969679778427,0.14561557060157,4.71769383549027,2.38533097735042e-06,0.000104418651638463,"ENSG00000110063"
"ENSG00000235027",1472.91372539971,1.37202635678446,0.345078951962484,3.97597810292881,7.00905749720829e-05,0.00165045034004168,"ENSG00000235027"
"ENSG00000117984",2480.28134113737,1.48705253485627,0.367810681178148,4.0429835536397,5.27753237757567e-05,0.00132524335081894,"ENSG00000117984"
"ENSG00000109919",550.576205211815,0.553243586781706,0.110049130557457,5.02724177809705,4.9758483864378e-07,2.8915207845633e-05,"ENSG00000109919"
"ENSG00000076053",298.690196489699,0.541422412228279,0.122241799022465,4.42911030889506,9.46226196579944e-06,0.000324789282052328,"ENSG00000076053"
"ENSG00000182985",50.3447324586269,1.24008333372662,0.344666336228484,3.59792414686112,0.000320767131688764,0.00533913398256491,"ENSG00000182985"
"ENSG00000110079",394.082178491157,1.81333063353461,0.486833720504661,3.72474328946417,0.00019551407753891,0.00371121946228109,"ENSG00000110079"
"ENSG00000172757",13330.396560312,0.464422262158921,0.104304714445592,4.45255293231424,8.48553126908602e-06,0.000295344042805281,"ENSG00000172757"
"ENSG00000172803",4343.70362076873,0.426481735711852,0.10432988629568,4.08781942408301,4.35446881482869e-05,0.0011477548173197,"ENSG00000172803"
"ENSG00000142089",5373.61592848454,2.85409392868355,0.626506228199843,4.55557151743613,5.2243336291002e-06,0.000197768393418547,"ENSG00000142089"
"ENSG00000151364",13.3177329959326,3.23461130392699,0.915578515981908,3.53286064216792,0.000411089105911983,0.00643812836161919,"ENSG00000151364"
"ENSG00000132275",202.283049256694,-0.458830008443145,0.126326807904575,-3.63208740926737,0.000281137853779087,0.00488403295979509,"ENSG00000132275"
"ENSG00000166341",68.7804669756611,-2.00369048228082,0.333848190171819,-6.00180124160504,1.95140488908247e-09,2.37927734758436e-07,"ENSG00000166341"
"ENSG00000149016",110.232732260658,-0.981121302792409,0.230831087863617,-4.25038634038795,2.13402105314487e-05,0.000628319028299276,"ENSG00000149016"
"ENSG00000185085",311.84662473594,-0.585758919182224,0.149058727819234,-3.92971902921768,8.50451785778391e-05,0.00192066804438179,"ENSG00000185085"
"ENSG00000172375",423.756028568139,-0.501584399591697,0.122892286401207,-4.0814961970369,4.47467100146571e-05,0.0011732138718091,"ENSG00000172375"
"ENSG00000172273",237.201137620016,-0.625114245942615,0.132223376677631,-4.72771352275084,2.27062235633144e-06,0.000100504117393611,"ENSG00000172273"
"ENSG00000173914",182.534730415422,-0.616715437899186,0.159699181422319,-3.86173199140141,0.000112586034100842,0.00239564758214147,"ENSG00000173914"
"ENSG00000171714",18.3186613648755,2.09361519504264,0.526728907568259,3.97474899319309,7.04535204348762e-05,0.00165117130321077,"ENSG00000171714"
"ENSG00000283375",37.5384641779991,0.912469338516411,0.252889172980147,3.60817874392765,0.000308354027982108,0.00517586820280103,"ENSG00000283375"
"ENSG00000149554",44.6208882572728,1.55233798995226,0.346262525205388,4.48312444158223,7.35580040566589e-06,0.000267745745901472,"ENSG00000149554"
"ENSG00000137491",6.15222991027713,2.56420553618731,0.709809445267757,3.61252664821899,0.000303227933459449,0.00510707792336702,"ENSG00000137491"
"ENSG00000168056",375.16382209052,-0.909400236020399,0.263527506229015,-3.45087406257356,0.000558774242120963,0.00818842121866653,"ENSG00000168056"
"ENSG00000254986",482.458028436709,0.590472988664511,0.153811140636264,3.83894811664439,0.000123562534952774,0.00256102318389792,"ENSG00000254986"
"ENSG00000185201",4523.152906114,0.836017272759816,0.24247259101468,3.44788361134477,0.000564997447420037,0.00823222820383124,"ENSG00000185201"
"ENSG00000110777",197.598558449687,1.36459096037504,0.27151090653942,5.02591581961705,5.01035649904721e-07,2.90308527877738e-05,"ENSG00000110777"
"ENSG00000149187",1551.39649751224,-0.471393929715381,0.122393421796083,-3.85146458688572,0.00011741351099468,0.00246407192978698,"ENSG00000149187"
"ENSG00000165494",559.02627022131,-0.428590303730111,0.119469410698427,-3.58744804401846,0.00033393024444706,0.00548702620696337,"ENSG00000165494"
"ENSG00000030066",715.77193113334,-0.53968324725763,0.135101472710029,-3.99465110506948,6.47895900721569e-05,0.00155286232211266,"ENSG00000030066"
"ENSG00000146670",61.4780902999746,2.99324249317913,0.486010006182377,6.1588083683526,7.32943517853746e-10,9.97706813275709e-08,"ENSG00000146670"
"ENSG00000149806",948.117852473539,0.390110164588,0.110316759374393,3.53627288183879,0.000405815273689241,0.00638067464343353,"ENSG00000149806"
"ENSG00000110717",716.752072076488,0.411145293487087,0.104529279287451,3.93330267165101,8.37866256370282e-05,0.00190241312644054,"ENSG00000110717"
"ENSG00000162139",70.8518995397,-0.775207045456434,0.207455432180123,-3.73674016298286,0.000186421389697393,0.00356930510486126,"ENSG00000162139"
"ENSG00000170903",42.9042532814452,-1.04285633151331,0.299924657776628,-3.47706100340036,0.000506942461660626,0.00761524904236076,"ENSG00000170903"
"ENSG00000120458",47.1987498823309,-0.918017657383275,0.228833461732791,-4.0117282255479,6.02758669889168e-05,0.00147709319425121,"ENSG00000120458"
"ENSG00000135372",473.580040425502,-0.613195405624538,0.153412267953766,-3.99704282977771,6.41386998359485e-05,0.00154134524853645,"ENSG00000135372"
"ENSG00000166313",608.356922080624,-1.12009419229321,0.256381292480085,-4.36886085352821,1.24896309766273e-05,0.00040360800980405,"ENSG00000166313"
"ENSG00000289093",51.859301665127,-1.97677810559934,0.24626213152085,-8.02712984489854,9.97794640282502e-16,7.34450765962016e-13,"ENSG00000289093"
"ENSG00000085063",195.281969240104,1.17225922739101,0.262562579041992,4.46468507305275,8.01866097756595e-06,0.000284576550478831,"ENSG00000085063"
"ENSG00000160588",126.421849809927,-0.66137054905273,0.190042722717733,-3.48011510040852,0.000501198410182991,0.00755179469596419,"ENSG00000160588"
"ENSG00000134333",4782.04583066729,1.06743237463063,0.16325866601998,6.53828921093839,6.22265073094553e-11,1.16668830780011e-08,"ENSG00000134333"
"ENSG00000151240",58.3574944593747,-1.17614228672857,0.320829559537923,-3.6659411571132,0.000246430589506722,0.00443218238539058,"ENSG00000151240"
"ENSG00000151465",676.569866609179,0.359582790565367,0.0956216691502268,3.76047389426389,0.000169591773465498,0.00330762208621522,"ENSG00000151465"
"ENSG00000165629",1318.99734873511,0.478006992402059,0.1313925002051,3.63800819419604,0.000274754685720518,0.00480675583099434,"ENSG00000165629"
"ENSG00000234961",1989.22299983877,0.595433866212092,0.135312067132784,4.40044911609976,1.08027058072599e-05,0.000356041418264484,"ENSG00000234961"
"ENSG00000148484",1249.98176434329,0.450788146737422,0.126794783835781,3.5552578197638,0.000377608626315438,0.0060374849874441,"ENSG00000148484"
"ENSG00000122952",154.051981602941,2.38462159714835,0.349790455338541,6.81728606585453,9.27764113431458e-12,2.19504571313533e-09,"ENSG00000122952"
"ENSG00000099194",125.90900733248,1.45207597684584,0.384067951381294,3.78077882214194,0.000156338520672959,0.00308732418853778,"ENSG00000099194"
"ENSG00000166167",147.803420662553,-0.608428479076058,0.164411534675759,-3.70064351187985,0.000215053415022779,0.00397734164151415,"ENSG00000166167"
"ENSG00000171314",915.296591037205,0.654861510949301,0.168260115129816,3.89195924681295,9.94379506231081e-05,0.0021812691287899,"ENSG00000171314"
"ENSG00000148841",1609.14710836977,0.578815872396451,0.168670392836108,3.43163884700778,0.000599945929276399,0.00859029207380342,"ENSG00000148841"
"ENSG00000148773",281.767863802251,3.04550902961095,0.336358862018829,9.05434455132764,1.37390425420643e-19,2.54571665896367e-16,"ENSG00000148773"
"ENSG00000138180",38.4120910885101,3.96938889860086,0.523911380773935,7.57645098821327,3.55135777363044e-14,1.60408373620753e-11,"ENSG00000138180"
"ENSG00000173915",284.404382750684,0.69969199263054,0.176471817172439,3.96489368014404,7.34286680000931e-05,0.00170282537670228,"ENSG00000173915"
"ENSG00000107968",894.497345855591,1.44717324332935,0.170228638703747,8.50135003339772,1.87398361833217e-17,2.19079708416079e-14,"ENSG00000107968"
"ENSG00000122862",4997.4030741534,1.08889369843954,0.187071111211207,5.82074747613039,5.85850273556035e-09,6.39735622893002e-07,"ENSG00000122862"
"ENSG00000198954",82.8610231820566,-0.85357863092483,0.221316341870804,-3.85682604234944,0.000114868848701883,0.00242603985026698,"ENSG00000198954"
"ENSG00000078114",39.629009835953,5.6145307171014,1.35608462449014,4.14025099592317,3.46926013347864e-05,0.000947088954570803,"ENSG00000078114"
"ENSG00000150760",25.2555231061214,1.49431949909757,0.372198975199977,4.01484044466994,5.94860227654341e-05,0.00146134142946877,"ENSG00000150760"
"ENSG00000229205",7.21809625324678,3.98959740046744,1.00572174801042,3.96689979943248,7.28135861470403e-05,0.00169251135799565,"ENSG00000229205"
"ENSG00000156510",32.220701950104,-1.7430856273578,0.409421339096415,-4.25743717023827,2.06783748394442e-05,0.000615448013804494,"ENSG00000156510"
"ENSG00000138160",96.1263036840199,2.25271377168293,0.391630871174257,5.75213533327556,8.81232084884289e-09,8.97454991428283e-07,"ENSG00000138160"
"ENSG00000180817",446.396531148012,1.02098989710827,0.235138951854094,4.34207046113656,1.41146248282851e-05,0.000444554760439523,"ENSG00000180817"
"ENSG00000156521",370.979632285339,-0.593096999398151,0.145432235974504,-4.07816737069303,4.53920856509089e-05,0.00118388754622856,"ENSG00000156521"
"ENSG00000168209",2667.4148019518,1.29853231801729,0.33495059257249,3.87678764215429,0.000105844661892849,0.00229395508228842,"ENSG00000168209"
"ENSG00000198105",106.741606848579,-1.02958512127469,0.225121581523957,-4.57346254546066,4.79729468247181e-06,0.000184770221936908,"ENSG00000198105"
"ENSG00000096717",263.01101492728,-0.649822317651847,0.138294159412149,-4.69884137127745,2.61641569201414e-06,0.000112551180656037,"ENSG00000096717"
"ENSG00000155256",470.51603737191,-0.74092763562671,0.136789159683271,-5.41656690736529,6.07542623927602e-08,4.82972084317487e-06,"ENSG00000155256"
"ENSG00000196793",9.22903319993955,-1.70407918331608,0.4923477601287,-3.46112914755747,0.000537914689285544,0.00798395558988866,"ENSG00000196793"
"ENSG00000166228",73.1313439398004,0.818747325617363,0.241081227203876,3.39614716215531,0.000683416052487663,0.0094583639464762,"ENSG00000166228"
"ENSG00000026025",6510.20024291733,0.5509676258422,0.119975786844277,4.59232350405278,4.38338179441073e-06,0.000173093630051152,"ENSG00000026025"
"ENSG00000065328",49.797374068993,3.25668258733338,0.505803148677223,6.43863644552286,1.20551561841161e-10,2.06538081037176e-08,"ENSG00000065328"
"ENSG00000170525",631.77799501741,0.975947405028658,0.286844097177801,3.40236182173801,0.000668061280395219,0.00930416950705997,"ENSG00000170525"
"ENSG00000107960",86.7933484211128,-0.754398269809438,0.215723753977151,-3.49705702733758,0.000470421258628246,0.00715861569217286,"ENSG00000107960"
"ENSG00000107438",331.071952825496,0.73383792395939,0.204335250961968,3.59134275904248,0.000328978636928565,0.00543484740674838,"ENSG00000107438"
"ENSG00000170312",58.7179134937561,3.64493318763471,0.517779101577241,7.03955253607502,1.92858158387854e-12,5.63656329382382e-10,"ENSG00000170312"
"ENSG00000047056",485.10258535415,-0.404388887767995,0.117500735044524,-3.44158602594921,0.000578314550918869,0.00838324098100773,"ENSG00000047056"
"ENSG00000148660",139.985881636126,-0.595575190874846,0.152341708119096,-3.90946903660317,9.2499210289528e-05,0.00205859944601801,"ENSG00000148660"
"ENSG00000059804",4032.17984754119,0.93721571703258,0.198639580582461,4.7181720495202,2.37973203957075e-06,0.000104403519987702,"ENSG00000059804"
"ENSG00000226091",33.6261802736316,-1.35800133573639,0.35838104225659,-3.7892666620577,0.000151092657016356,0.00301790499049553,"ENSG00000226091"
"ENSG00000213809",26.1073228309684,-2.0596287669413,0.419816094185031,-4.90602622307645,9.29401045258372e-07,4.86076746670129e-05,"ENSG00000213809"
"ENSG00000008394",262.572458123481,1.35707165783514,0.374062203991307,3.62793044406775,0.00028570220132627,0.00493268893675359,"ENSG00000008394"
"ENSG00000182199",507.140203657026,0.564409562933472,0.106058530985115,5.32167999774279,1.02813311824354e-07,7.56782133036003e-06,"ENSG00000182199"
"ENSG00000256663",23.0460959250325,2.87692113639837,0.587502436546955,4.89686673183428,9.73768293233335e-07,5.05291672577527e-05,"ENSG00000256663"
"ENSG00000174718",2790.7964957347,-0.713797274011312,0.144540724028886,-4.9383817523196,7.87735206939068e-07,4.2312025682992e-05,"ENSG00000174718"
"ENSG00000136010",12.682097780295,2.51456423658587,0.51932412330382,4.84199389889458,1.28542711887989e-06,6.3548702887112e-05,"ENSG00000136010"
"ENSG00000167780",6.09095119862285,-2.32838304650836,0.686782802482855,-3.39027570010605,0.000698223655926041,0.00961642199436878,"ENSG00000167780"
"ENSG00000123360",36.0550322317383,1.07997688365333,0.303826137375483,3.55458846622745,0.000378571129372921,0.0060431507029377,"ENSG00000123360"
"ENSG00000136026",1056.60409047198,1.01710889111699,0.236490025325288,4.30085323775484,1.7014172066054e-05,0.000523435999443897,"ENSG00000136026"
"ENSG00000165891",7.26358687884126,2.59920503375087,0.752034459112492,3.45623129665933,0.000547785055543979,0.0080881725065981,"ENSG00000165891"
"ENSG00000173208",122.211270614844,-1.29265497175853,0.283792002525676,-4.55493798364378,5.24010355458943e-06,0.000197988247231769,"ENSG00000173208"
"ENSG00000151065",205.172928747499,-0.595682602603109,0.150634877781624,-3.95447994100458,7.67013061731035e-05,0.00176226792934596,"ENSG00000151065"
"ENSG00000174099",28.0650728797655,1.43399967572362,0.386071861442075,3.71433357087271,0.00020373990306395,0.00382877080879965,"ENSG00000174099"
"ENSG00000111775",716.517711000315,0.634340467892402,0.138366022404922,4.58451039400433,4.55051451997551e-06,0.00017802544403542,"ENSG00000111775"
"ENSG00000134285",419.499861252403,0.924513105115996,0.234507928706536,3.94235329361907,8.06860049656041e-05,0.00183683122873587,"ENSG00000134285"
"ENSG00000111653",496.368109522885,-0.446377616159793,0.118682191409495,-3.76111707121783,0.000169156230822739,0.00330236830193627,"ENSG00000111653"
"ENSG00000247373",390.688531213503,0.479740130181328,0.113334250825638,4.23296688058933,2.30628479027386e-05,0.000672068972461918,"ENSG00000247373"
"ENSG00000086598",2367.97037139469,0.46472703564353,0.131340177716446,3.53834632877415,0.000402641571545123,0.00633578669270608,"ENSG00000086598"
"ENSG00000075856",542.070579572016,-0.55104288165317,0.102100106749367,-5.39708428518939,6.77325745208089e-08,5.32062128864251e-06,"ENSG00000075856"
"ENSG00000287202",113.176756609846,-0.582629918810351,0.149237732105582,-3.90403894906521,9.46005462704289e-05,0.00209831613457422,"ENSG00000287202"
"ENSG00000183160",19.8815181792815,2.13404253617385,0.447146696687044,4.77257810911988,1.81882533566379e-06,8.48528984060612e-05,"ENSG00000183160"
"ENSG00000134531",122.990345962693,3.23262585899215,0.334521809035168,9.66342334544864,4.31208360020572e-22,2.85661164901629e-18,"ENSG00000134531"
"ENSG00000280138",139.183486226069,1.24950374331013,0.280510875662318,4.45438609237488,8.41335814165275e-06,0.000293861300012666,"ENSG00000280138"
"ENSG00000135404",2893.86264359218,1.38304498431953,0.231297810884719,5.97949880731406,2.23825200787586e-09,2.69594063057726e-07,"ENSG00000135404"
"ENSG00000182544",556.312727625571,0.35380620837497,0.102088149754642,3.46569321929434,0.000528866360222897,0.0078731760622246,"ENSG00000182544"
"ENSG00000135476",33.4608488192016,2.61577935251754,0.379518476340791,6.89236365443428,5.48728777903252e-12,1.41629035481159e-09,"ENSG00000135476"
"ENSG00000111640",18807.5138037259,1.04775925037807,0.182757574218278,5.73305514072246,9.86375484318690e-09,9.85086752530132e-07,"ENSG00000111640"
"ENSG00000269968",6863.50844147979,1.10345732708671,0.175106516615865,6.30163484724783,2.94522382051743e-10,4.53747117898941e-08,"ENSG00000269968"
"ENSG00000122966",28.3642702655424,1.54332681167355,0.38475736568582,4.01116898417945,6.04188442114177e-05,0.00147877353430753,"ENSG00000122966"
"ENSG00000185480",39.765307596695,1.65348581431506,0.378399077807424,4.36968774843727,1.24424324302431e-05,0.000403394620095679,"ENSG00000185480"
"ENSG00000111665",36.5558449918989,2.39631294305022,0.39844685284443,6.01413444715007,1.80850370709129e-09,2.21865448609459e-07,"ENSG00000111665"
"ENSG00000110925",175.140323047329,-0.718191299025012,0.19407720386505,-3.70054434380868,0.000215137479351299,0.00397734164151415,"ENSG00000110925"
"ENSG00000166598",5102.47891977095,1.22820593547496,0.252331526508619,4.86742957754431,1.13059099113019e-06,5.67408216104075e-05,"ENSG00000166598"
"ENSG00000204954",876.872668097834,1.12777067536038,0.263497864417004,4.2799993003951,1.86893900898061e-05,0.000567073188770696,"ENSG00000204954"
"ENSG00000111229",2345.51725628401,0.552519480786456,0.154802689260745,3.56918528628277,0.000358093105209127,0.0057672142406209,"ENSG00000111229"
"ENSG00000258232",145.890274982881,0.747247048428276,0.171037782961232,4.36890045866444,1.24873664547462e-05,0.00040360800980405,"ENSG00000258232"
"ENSG00000258334",3.10809605331304,5.29927777061663,1.21339244931801,4.36732383953361,1.25778168849588e-05,0.000405140247604004,"ENSG00000258334"
"ENSG00000135451",36.8178213234307,3.53501202580394,0.490095033441511,7.2129113428892,5.47680757270127e-13,1.84484870677737e-10,"ENSG00000135451"
"ENSG00000092841",6477.18199180722,0.436933382963306,0.112010752503694,3.90081642339556,9.5868829986131e-05,0.00211935164309718,"ENSG00000092841"
"ENSG00000135469",123.039188500273,-0.812177676259543,0.23001307387843,-3.53100657525583,0.000413981456774912,0.0064681348049879,"ENSG00000135469"
"ENSG00000110944",44.2415880014922,-1.68266860754209,0.421598722224372,-3.99116154495029,6.57504724587026e-05,0.0015683735852818,"ENSG00000110944"
"ENSG00000184752",549.081678178349,0.602038595907257,0.155628423636321,3.86843599543312,0.000109535679472961,0.00234784256825941,"ENSG00000184752"
"ENSG00000256658",6.44621311815833,-2.36634510684533,0.681338638103448,-3.47308221566916,0.000514517717078391,0.007707968087433,"ENSG00000256658"
"ENSG00000111266",68.4290609157502,-0.965409564195343,0.254879880613274,-3.78770408190887,0.000152045784107194,0.00302478269604241,"ENSG00000111266"
"ENSG00000278969",7.6458688104513,2.23254604098901,0.648278140571938,3.4438089166779,0.000573580923995731,0.00833285620138243,"ENSG00000278969"
"ENSG00000246705",306.287385575657,1.04876462741297,0.276502498209611,3.79296619091637,0.000148858430369757,0.00298860768482081,"ENSG00000246705"
"ENSG00000111348",14099.4744816571,0.372672883987903,0.0656769044407117,5.67433692500421,1.39226872740611e-08,1.34320139264413e-06,"ENSG00000111348"
"ENSG00000121316",5420.43140306032,1.71004571484511,0.4488752286166,3.80962371239631,0.000139178452470278,0.00282248220856562,"ENSG00000121316"
"ENSG00000255649",782.141667527309,1.6859975875981,0.452587717272714,3.7252393806838,0.000195129961897963,0.0037074692760613,"ENSG00000255649"
"ENSG00000256569",14.012451484246,-1.32623317796448,0.370877694527846,-3.5759313583225,0.000348983219512357,0.00566178979966414,"ENSG00000256569"
"ENSG00000170439",107.869007745869,6.2429809275297,1.33067904205438,4.69157530120217,2.71109452111852e-06,0.000116121320070494,"ENSG00000170439"
"ENSG00000123009",21.4160711872946,1.04088187113139,0.299746599909161,3.47253937641605,0.000515559376054875,0.00771553240942363,"ENSG00000123009"
"ENSG00000198040",232.193629566114,-0.722720901710172,0.188769478794838,-3.82858980341654,0.000128879604693496,0.00263513710254993,"ENSG00000198040"
"ENSG00000170456",110.693082902159,1.18772970155959,0.259279074852628,4.58089300972199,4.62994672231542e-06,0.000179717892889251,"ENSG00000170456"
"ENSG00000135473",918.053080154816,-0.358230076391576,0.0990355408616661,-3.61718705501852,0.000297822078822326,0.00504777713093793,"ENSG00000135473"
"ENSG00000111291",20.169179803161,3.99086794173833,0.544483554049086,7.32963909021675,2.30773359213129e-13,8.33889043818495e-11,"ENSG00000111291"
"ENSG00000111247",26.910233470733,1.66897615269895,0.465218651535748,3.58750911466994,0.000333852065994681,0.00548702620696337,"ENSG00000111247"
"ENSG00000123268",130.01200029457,-0.692267587125653,0.191428067777257,-3.61633273095126,0.000298806248996809,0.00505402161069156,"ENSG00000123268"
"ENSG00000196465",32.68884448787,1.50209537697608,0.328962988987419,4.56615311527804,4.96755984218206e-06,0.00018985631596832,"ENSG00000196465"
"ENSG00000065970",431.939789185173,-0.448451253318416,0.131792240867942,-3.40271362232752,0.000667201740694751,0.00929871486295055,"ENSG00000065970"
"ENSG00000151239",157.621733803836,0.741139267247431,0.184395439320768,4.01929283054649,5.83730836716988e-05,0.00143755472725073,"ENSG00000151239"
"ENSG00000186081",6.46292037512899,-2.60280335689769,0.76156962186264,-3.41768274649897,0.000631566786086897,0.00890827417082399,"ENSG00000186081"
"ENSG00000111602",326.831710342106,0.913328923878892,0.227140263624015,4.0209908595982,5.79538539646044e-05,0.00143077626545658,"ENSG00000111602"
"ENSG00000029153",34.1955305678521,2.45652745809143,0.316096655554899,7.77144400271829,7.75963821220446e-15,4.05829078498293e-12,"ENSG00000029153"
"ENSG00000110844",151.431531614293,-0.911353786688472,0.191224885284632,-4.76587440662836,1.88036367337934e-06,8.71103674702585e-05,"ENSG00000110844"
"ENSG00000161791",335.98426204691,-0.911325322157685,0.220644985647468,-4.13027887075458,3.62323455672749e-05,0.000982376037931816,"ENSG00000161791"
"ENSG00000111206",72.2679843075362,1.80779301618883,0.377383515505198,4.79033381669775,1.66504075073843e-06,7.95457208658067e-05,"ENSG00000111206"
"ENSG00000139636",687.298823691173,-0.452191148885932,0.0983559130199785,-4.5974983608162,4.27593991237419e-06,0.000169960059637049,"ENSG00000139636"
"ENSG00000258017",2843.72826496289,0.653621895629985,0.175019434145892,3.73456752857023,0.00018803803320808,0.00359333449228594,"ENSG00000258017"
"ENSG00000290048",37.6120472822284,-1.60372299054788,0.360176550730637,-4.45260244536922,8.48357414466777e-06,0.000295344042805281,"ENSG00000290048"
"ENSG00000256576",109.399536544339,-0.953942129393077,0.238148806942838,-4.00565571433683,6.18456755140635e-05,0.0015062756803511,"ENSG00000256576"
"ENSG00000281344",16.3205034047177,2.70988246549156,0.43013383188014,6.30009142421209,2.97470134205907e-10,4.54763188246784e-08,"ENSG00000281344"
"ENSG00000017427",7.23242520635968,4.74368382881437,1.05187169149068,4.5097551984613,6.49024767061183e-06,0.000241097536833158,"ENSG00000017427"
"ENSG00000139146",310.605199713163,-0.611364425768307,0.152887460831912,-3.99878722847295,6.36678831935301e-05,0.0015337400128342,"ENSG00000139146"
"ENSG00000123352",58.0140051534033,1.18266786692998,0.269399678580825,4.39001216764687,1.13344318464446e-05,0.000371104610405666,"ENSG00000123352"
"ENSG00000111786",1966.21965020034,0.270558391890507,0.0754877575165255,3.58413603465803,0.000338195798733417,0.00553596067755245,"ENSG00000111786"
"ENSG00000269514",50.3128033440777,-0.918749316184245,0.243931237464814,-3.76642748068202,0.000165600155610886,0.00324890176960587,"ENSG00000269514"
"ENSG00000135424",38.2414829665517,1.56269392852196,0.37601574930654,4.15592679669383,3.2397155059215e-05,0.000895495215086007,"ENSG00000135424"
"ENSG00000102781",43.2452388799451,0.82971100196502,0.241330765451259,3.43806559604435,0.000585885752841622,0.00846213186916744,"ENSG00000102781"
"ENSG00000136158",51.7530743775905,2.08719144878917,0.471952587070318,4.42246002240516,9.75834094080382e-06,0.000330387168411474,"ENSG00000136158"
"ENSG00000139734",11.5617370966143,3.82155613921717,0.743115447805283,5.14261431451029,2.70941478398906e-07,1.72586248131406e-05,"ENSG00000139734"
"ENSG00000102580",537.682413181651,0.656226937750233,0.17440476746782,3.76266628073292,0.000168111462080912,0.00328843228090162,"ENSG00000102580"
"ENSG00000184497",22.5725240601888,1.27232639448867,0.373216455694178,3.40908439345784,0.000651813119618867,0.00912905844912288,"ENSG00000184497"
"ENSG00000152193",96.9392830619113,-1.00073127852521,0.21016900363958,-4.76155503996854,1.92106887430927e-06,8.8202285892882e-05,"ENSG00000152193"
"ENSG00000233695",114.002599241718,0.99013486336019,0.253391042731883,3.90753695428716,9.32417838481872e-05,0.0020728044879182,"ENSG00000233695"
"ENSG00000183087",335.558886658744,1.92142706347157,0.400463051406232,4.79801334161653,1.60247107433888e-06,7.69263529744224e-05,"ENSG00000183087"
"ENSG00000225131",42.0667985102178,0.883032691775025,0.2177420009886,4.05540817924815,5.00468297728247e-05,0.00127353482062115,"ENSG00000225131"
"ENSG00000132965",979.533836344902,0.721069849374084,0.174802151320719,4.125062786276,3.70633633323202e-05,0.0010002921065468,"ENSG00000132965"
"ENSG00000165572",52.2859194931274,-1.01519724607488,0.265884656260312,-3.81818665414434,0.000134436197614801,0.00273529852075308,"ENSG00000165572"
"ENSG00000139679",384.780122703757,-1.10556450729164,0.286446320375926,-3.85958704528206,0.000113578795493143,0.0024116078863576,"ENSG00000139679"
"ENSG00000005812",560.160296188745,-0.544726844454034,0.145494647804043,-3.74396483084168,0.00018113901875593,0.00349510374636442,"ENSG00000005812"
"ENSG00000152207",66.8175442426648,-1.16392658379778,0.292829457357705,-3.97475921411823,7.04504949664327e-05,0.00165117130321077,"ENSG00000152207"
"ENSG00000165480",24.2495033084179,3.04477998879013,0.539670010200923,5.64192919976514,1.68155250116602e-08,1.5689753243274e-06,"ENSG00000165480"
"ENSG00000120697",338.619478995419,0.639697685125769,0.151832254953303,4.21318701564771,2.51792412309219e-05,0.000725235130758467,"ENSG00000120697"
"ENSG00000198176",656.863805915666,0.820538885235276,0.147221043357179,5.57351630258814,2.49648278966822e-08,2.22489233012853e-06,"ENSG00000198176"
"ENSG00000132963",667.555878873351,0.866224213372672,0.139307183276694,6.2180872012333,5.03251876877172e-10,7.40861318596808e-08,"ENSG00000132963"
"ENSG00000139618",77.5035752627469,1.14703869829105,0.256144168448695,4.47809803845212,7.53110156215208e-06,0.000272628620120602,"ENSG00000139618"
"ENSG00000132972",7.20806830128536,6.48889590312483,1.36570714672683,4.75130844755162,2.02104561206657e-06,9.19136395748534e-05,"ENSG00000132972"
"ENSG00000234377",48.967453584101,-1.25453130879519,0.250835817197339,-5.0014041966272,5.69142475155167e-07,3.19523659639373e-05,"ENSG00000234377"
"ENSG00000118922",255.688472911857,-0.617833704889814,0.180158599592905,-3.42938780766448,0.000604944476901709,0.00863697308473029,"ENSG00000118922"
"ENSG00000186047",20.5904707672949,-1.94400242508852,0.46291648025565,-4.19946687578487,2.67544163969549e-05,0.000760773640775394,"ENSG00000186047"
"ENSG00000136160",4.9086952886732,3.1030338050825,0.872878644191657,3.55494297601486,0.00037806107349927,0.00603985994752773,"ENSG00000136160"
"ENSG00000140044",308.207526813348,1.38866447584543,0.407586492636694,3.4070424337718,0.000656709164108216,0.00917925763319569,"ENSG00000140044"
"ENSG00000033170",166.197271549199,0.67361137680075,0.150384844267651,4.47925041968906,7.49056155663242e-06,0.000271655876599476,"ENSG00000033170"
"ENSG00000197930",814.46054910996,0.556694973657125,0.130703157789148,4.25923124638803,2.05131170528129e-05,0.000613049155349779,"ENSG00000197930"
"ENSG00000258875",29.3846854596976,-1.09989787756655,0.301638988120264,-3.6464048776348,0.000265934856275143,0.00471470948582711,"ENSG00000258875"
"ENSG00000100764",560.772219869829,0.569964357642595,0.0940557143955965,6.0598588964551,1.36241012097091e-09,1.69228367151099e-07,"ENSG00000100764"
"ENSG00000258572",6.67619501192136,2.07473544297862,0.60376855689366,3.43630919379599,0.000589697563300365,0.00849249954567497,"ENSG00000258572"
"ENSG00000211949",607.232643893883,2.27124098835601,0.39434128620346,5.75958203672381,8.43224700320667e-09,8.63827200730563e-07,"ENSG00000211949"
"ENSG00000211956",691.765953173309,4.19389632586552,0.453387501213393,9.25013661523855,2.24205921432817e-20,6.36552640365114e-17,"ENSG00000211956"
"ENSG00000211952",15.468096198996,3.76924100370223,0.639603109497874,5.89309361966878,3.79031516658457e-09,4.35426148096542e-07,"ENSG00000211952"
"ENSG00000211947",404.344346974323,2.58567224267867,0.495467149631582,5.2186552521218,1.80226871033075e-07,1.24109198603194e-05,"ENSG00000211947"
"ENSG00000211943",224.391354841637,2.68439767378739,0.486519318371823,5.5175561841428,3.43746205463827e-08,2.97026612495135e-06,"ENSG00000211943"
"ENSG00000100600",165.411188611687,0.840629523042187,0.226658090325093,3.70879998960761,0.000208243838053426,0.00388604510560919,"ENSG00000100600"
"ENSG00000211946",132.356085266419,5.2531360856939,0.811232868684911,6.47549709642529,9.45003048625404e-11,1.6768741596769e-08,"ENSG00000211946"
"ENSG00000211950",471.76079857398,5.76926714838117,0.715900516262237,8.0587553959353,7.70751499837348e-16,5.89150588760286e-13,"ENSG00000211950"
"ENSG00000211955",315.804211120448,3.0930635794143,0.749914008601257,4.12455767453057,3.71447909143374e-05,0.0010002921065468,"ENSG00000211955"
"ENSG00000270550",334.02468405473,2.52570891930308,0.654838018099075,3.85699798957145,0.000114788106097208,0.00242603985026698,"ENSG00000270550"
"ENSG00000119714",139.339311543904,-1.80382008581786,0.232229519723424,-7.76740221469749,8.01121415452344e-15,4.08243256684613e-12,"ENSG00000119714"
"ENSG00000211895",26960.503141286,3.22465431842231,0.844563541736672,3.81813109264872,0.000134466471509297,0.00273529852075308,"ENSG00000211895"
"ENSG00000211945",317.666480768385,3.988109578596,0.489466730676201,8.1478665017465,3.70400925859206e-16,3.06722833355244e-13,"ENSG00000211945"
"ENSG00000211941",152.81177570773,3.15101979376243,0.549403932359319,5.73534262893046,9.73154143140499e-09,9.77255273431323e-07,"ENSG00000211941"
"ENSG00000156411",637.971336656391,0.48624096997531,0.131547912929811,3.69630318828966,0.00021876170268274,0.00402935132448264,"ENSG00000156411"
"ENSG00000258451",73.356425089857,1.38415143133799,0.402277718472117,3.440785725332,0.000580027670885467,0.00839582660683014,"ENSG00000258451"
"ENSG00000129538",243.711621717841,5.18522277157718,0.798345374407294,6.49496187715346,8.30544399247255e-11,1.48704859375135e-08,"ENSG00000129538"
"ENSG00000258800",31.2337039826001,-0.991210698360554,0.280611436893737,-3.53232465979606,0.00041192329484664,0.00644611304077332,"ENSG00000258800"
"ENSG00000092010",3486.419782173,0.336684327359336,0.0934206649045088,3.60395987015809,0.000313405466804911,0.0052341346615805,"ENSG00000092010"
"ENSG00000100911",2212.47399375081,0.568380012365179,0.142975957891737,3.9753537639913,7.02747152320334e-05,0.00165117130321077,"ENSG00000100911"
"ENSG00000129559",694.616223081478,0.373491673862598,0.084478029157488,4.4211693571392,9.81681923892773e-06,0.000331340469542479,"ENSG00000129559"
"ENSG00000165409",10.9386128091215,1.75481424219585,0.499580643479535,3.51257452645427,0.00044378752271026,0.00682649630521959,"ENSG00000165409"
"ENSG00000211959",578.948117180032,3.6590173756176,0.798952675759898,4.57976734621665,4.65493434563027e-06,0.000180335604649232,"ENSG00000211959"
"ENSG00000211962",245.403291507589,3.30378222643689,0.712651049319111,4.6359045280203,3.55379976795526e-06,0.000146228191694292,"ENSG00000211962"
"ENSG00000211965",94.6097700811182,2.88114059629723,0.432041804123184,6.66866161746645,2.58146672670426e-11,5.28907935324953e-09,"ENSG00000211965"
"ENSG00000211966",202.663313907389,2.62211994513493,0.503609497969414,5.20665308281016,1.92277079515246e-07,1.30866941037191e-05,"ENSG00000211966"
"ENSG00000211967",56.4357117732411,2.11222474680577,0.52213357547755,4.04537238363556,5.2240017618394e-05,0.0013175356727766,"ENSG00000211967"
"ENSG00000254395",9.30556706226779,3.59291650037122,1.01376598593416,3.54412808303134,0.000393913829724619,0.00624791975414771,"ENSG00000254395"
"ENSG00000224373",244.740092056188,3.73595874051855,0.481884826436374,7.75280427098451,8.98851086933543e-15,4.46594162542931e-12,"ENSG00000224373"
"ENSG00000260711",23.3271339426023,-1.47687542212088,0.391271593173429,-3.77455314387278,0.000160294735093722,0.00316041425124268,"ENSG00000260711"
"ENSG00000168175",1340.41886043347,0.405159177047701,0.117423833474075,3.45039984695402,0.000559756818857023,0.00818842121866653,"ENSG00000168175"
"ENSG00000126787",52.5623398941756,3.87227109246516,0.567663485964891,6.8214200634787,9.01449252118255e-12,2.15848222127689e-09,"ENSG00000126787"
"ENSG00000092036",120.86687342219,0.907216067781582,0.247059931544333,3.67204856777348,0.000240613939245215,0.00435515612801403,"ENSG00000092036"
"ENSG00000126822",635.874433517961,-0.619623632239861,0.155506678161419,-3.98454677037523,6.76090406915636e-05,0.00160150426067239,"ENSG00000126822"
"ENSG00000211791",28.8791163991016,-1.64620218349876,0.453382310876163,-3.63093606435034,0.000282395141256089,0.0048930436245192,"ENSG00000211791"
"ENSG00000211795",40.4609824749581,-1.27521101336665,0.330516846609796,-3.85823302638533,0.000114209731262012,0.00241973251397228,"ENSG00000211795"
"ENSG00000211896",19506.507095061,5.07493910533381,0.772861571209004,6.56642702184685,5.15368870547104e-11,9.84850089735879e-09,"ENSG00000211896"
"ENSG00000211897",5452.02759745114,4.66244606902801,0.90035595264722,5.17844754101921,2.23739968874371e-07,1.4627000465162e-05,"ENSG00000211897"
"ENSG00000211899",16716.8616459723,1.60296757386535,0.364174313405879,4.40164919616068,1.07431155708348e-05,0.000355255705249202,"ENSG00000211899"
"ENSG00000237111",15.9128857640483,1.69696034884853,0.452075962566463,3.75370621170562,0.000174239066193051,0.00338557017835291,"ENSG00000237111"
"ENSG00000211933",103.487614916589,2.63485059198305,0.494925078633317,5.32373626985908,1.01657263268438e-07,7.51054442452392e-06,"ENSG00000211933"
"ENSG00000211934",504.649069996358,4.02005227597305,0.425133481304166,9.45597665853294,3.20020308664063e-21,1.27201672287792e-17,"ENSG00000211934"
"ENSG00000211937",172.83051480403,3.23202215681842,0.762280331744066,4.23993906470562,2.23580471290873e-05,0.000654409173259912,"ENSG00000211937"
"ENSG00000211938",348.027698468763,2.58914059897451,0.443604897659976,5.83659155395323,5.3279491383778e-09,5.87506684470045e-07,"ENSG00000211938"
"ENSG00000211970",50.2877358861858,2.33408899754586,0.475115911678549,4.91267276084208,8.98431584159019e-07,4.71119506690669e-05,"ENSG00000211970"
"ENSG00000211972",15.821684101772,2.40823635829854,0.66234951266473,3.63589964550567,0.000277012165773215,0.00483773267361764,"ENSG00000211972"
"ENSG00000211974",74.1125821220077,4.93681461643161,1.41700870181164,3.48396915990701,0.000494036411259124,0.00747117008670135,"ENSG00000211974"
"ENSG00000282600",18.3724935986485,2.96631756443352,0.713961488735591,4.15473048789621,3.25671184264176e-05,0.000896452786158758,"ENSG00000282600"
"ENSG00000281990",301.807354461718,6.39296948374513,1.14447790448988,5.58592652480661,2.32457508484654e-08,2.09993660164728e-06,"ENSG00000281990"
"ENSG00000280411",249.007010132112,4.02549008395232,0.502771171199373,8.00660482252676,1.17918641392679e-15,8.36969671085034e-13,"ENSG00000280411"
"ENSG00000274576",120.217648087293,5.51013735120139,1.41106971962963,3.90493628666886,9.42502130407951e-05,0.00209288126700867,"ENSG00000274576"
"ENSG00000211976",69.610115794836,3.64007782484834,0.952467874825337,3.82173291200594,0.000132517171931921,0.00270117566664102,"ENSG00000211976"
"ENSG00000100644",1611.50698527172,0.872475422505307,0.184320635011972,4.73346580239721,2.20718165462676e-06,9.82587961231817e-05,"ENSG00000100644"
"ENSG00000100918",255.505238173177,0.66022805052395,0.172144904778405,3.83530405023509,0.00012540905614641,0.00258277676876036,"ENSG00000100918"
"ENSG00000165948",41.551599333688,1.16962938923327,0.339820934684608,3.44189915879907,0.000577645543281935,0.00837965512933225,"ENSG00000165948"
"ENSG00000119632",207.123275308847,0.913551842000626,0.180880620897482,5.05057887057122,4.40473193961931e-07,2.64470219238653e-05,"ENSG00000119632"
"ENSG00000183484",342.415607222899,-0.994856233540471,0.171269085335922,-5.80873209890269,6.29477203587828e-09,6.7622864562727e-07,"ENSG00000183484"
"ENSG00000182809",180.607909567187,-1.74202645292397,0.365857404243364,-4.7614902219259,1.92168611208704e-06,8.8202285892882e-05,"ENSG00000182809"
"ENSG00000211890",4336.81691403805,3.7486892445462,0.769618851196786,4.87083864787985,1.11125561606539e-06,5.59116306675534e-05,"ENSG00000211890"
"ENSG00000211892",763.654042606241,3.47331690570314,0.731733907286392,4.74669394313543,2.06768459000136e-06,9.31817767385191e-05,"ENSG00000211892"
"ENSG00000183092",15.3593375572214,-3.26362619695357,0.603375968240849,-5.40894296216124,6.33978150731764e-08,4.99987371731868e-06,"ENSG00000183092"
"ENSG00000139970",592.386296486498,-1.44171708518212,0.411527205322307,-3.50333359869361,0.000459473632406186,0.0070135015133952,"ENSG00000139970"
"ENSG00000100526",37.8859786300693,2.44368887891757,0.473275033382299,5.16335894892564,2.42557371789201e-07,1.57022319444254e-05,"ENSG00000100526"
"ENSG00000165795",177.098003506696,-1.08701063653553,0.270099292591918,-4.0244853146574,5.71000569184016e-05,0.00141497073715251,"ENSG00000165795"
"ENSG00000119723",239.533925692149,-0.487661212445503,0.124714306974716,-3.91022669551752,9.22095402722994e-05,0.00205466572910997,"ENSG00000119723"
"ENSG00000100902",59.0522670657418,1.29152463063705,0.218103079475791,5.92162492038728,3.18776021046341e-09,3.72667920133822e-07,"ENSG00000100902"
"ENSG00000100632",110.229036875963,0.740007471785847,0.210961373836197,3.50778655982982,0.000451851418873526,0.00691644473628378,"ENSG00000100632"
"ENSG00000198133",339.188847716202,-0.784051497898604,0.162383295197316,-4.82839997147418,1.37634439060136e-06,6.73730749231808e-05,"ENSG00000198133"
"ENSG00000165949",3508.39366762182,9.87984695379342,1.27539526440274,7.74649806969459,9.44614487400554e-15,4.57884593234112e-12,"ENSG00000165949"
"ENSG00000258511",24.5120961979969,-2.22228653176459,0.565232635525139,-3.93163167179817,8.43712643205085e-05,0.00190978873246673,"ENSG00000258511"
"ENSG00000258777",120.228440954356,0.790014468108886,0.19468289278716,4.05795525635928,4.950424921149e-05,0.00126296206524923,"ENSG00000258777"
"ENSG00000258667",202.162247284009,0.773396897378818,0.191370605717018,4.04135679291548,5.31428305653658e-05,0.00133185449515269,"ENSG00000258667"
"ENSG00000127152",96.3958384497421,-1.10558719342498,0.30383840984955,-3.63873413493847,0.000273981468345247,0.00480168227680197,"ENSG00000127152"
"ENSG00000165502",1147.88777153798,0.472429121832269,0.113390330364837,4.16639690802747,3.09451736327511e-05,0.00085784428938396,"ENSG00000165502"
"ENSG00000100479",17.2774832436089,2.26193462958556,0.492949962851851,4.58856841473249,4.46296045844796e-06,0.000175290269073507,"ENSG00000100479"
"ENSG00000257285",35.2321131115748,1.01744245372769,0.280539653700762,3.62673312063378,0.000287029685187518,0.00493889866962487,"ENSG00000257285"
"ENSG00000182107",37.6823933932733,-1.22760039050206,0.337432280777648,-3.63806446636619,0.000274694675802001,0.00480675583099434,"ENSG00000182107"
"ENSG00000197119",318.274536179176,-1.48227117389744,0.138415894220243,-10.7088220052164,9.25317086589128e-27,1.83897517788723e-22,"ENSG00000197119"
"ENSG00000258504",53.6826447333395,-1.18594188353736,0.253526251830847,-4.67778730988626,2.89987100099615e-06,0.000122621353774037,"ENSG00000258504"
"ENSG00000150667",54.0111005890406,1.7412136149155,0.485530109570031,3.58621140191998,0.000335516998848234,0.00550170365933153,"ENSG00000150667"
"ENSG00000051180",67.5092232167526,1.70019017568622,0.328967307368662,5.16826486280862,2.36277308662761e-07,1.53959843684056e-05,"ENSG00000051180"
"ENSG00000157456",74.8596273419399,3.62722586665989,0.494152610469959,7.34029485994267,2.13123800189767e-13,8.02124425336727e-11,"ENSG00000157456"
"ENSG00000178741",808.080214832583,0.720736832701187,0.131555167959033,5.47859003855804,4.28728409625964e-08,3.58006235836403e-06,"ENSG00000178741"
"ENSG00000166557",382.579190424606,0.542603452790594,0.141230815757755,3.84196217999115,0.0001220546463816,0.00254112264827718,"ENSG00000166557"
"ENSG00000140319",2072.23432002601,0.478548201963667,0.0898488160909991,5.32614922247826,1.00316727491772e-07,7.44970348000774e-06,"ENSG00000140319"
"ENSG00000275454",342.438257351703,-0.643925389842444,0.14314449723661,-4.49842922552637,6.8457378200446e-06,0.000251482797477942,"ENSG00000275454"
"ENSG00000221792",1661.67918077329,0.491558044762606,0.11347485176605,4.33186769678313,1.47849780376096e-05,0.000464196924991237,"ENSG00000221792"
"ENSG00000140259",131.514494349827,-0.758896871842606,0.220486721936198,-3.44191643459695,0.000577608654560904,0.00837965512933225,"ENSG00000140259"
"ENSG00000156970",36.1829365156789,3.35526416391927,0.51410645795861,6.52639956565066,6.73694539723652e-11,1.23972271133962e-08,"ENSG00000156970"
"ENSG00000166762",13.6529264555425,-1.40864803992138,0.416474853661665,-3.38231234739983,0.00071878366908668,0.00986540513772699,"ENSG00000166762"
"ENSG00000134153",560.609576987337,0.666709093135715,0.140061056723908,4.76013182200924,1.9346655648822e-06,8.859341805638e-05,"ENSG00000134153"
"ENSG00000128463",807.721207791869,0.312357152029564,0.080996926469746,3.85640746684673,0.000115065626451639,0.00242761598736716,"ENSG00000128463"
"ENSG00000157734",2291.3925177938,0.998660845351933,0.148776546493947,6.71248841894958,1.91332994139974e-11,4.13320861471505e-09,"ENSG00000157734"
"ENSG00000166803",16.1166077763478,3.65243306489254,0.687155483083241,5.31529348860641,1.06485555300523e-07,7.80920267912399e-06,"ENSG00000166803"
"ENSG00000168806",58.6761902725714,-1.02251492185601,0.215636222302966,-4.74185139646618,2.11773943937445e-06,9.50066673095438e-05,"ENSG00000168806"
"ENSG00000186417",9.32282369057848,4.63081576221883,1.27952977584203,3.61915435627231,0.000295567306662238,0.00504214991639941,"ENSG00000186417"
"ENSG00000157450",454.115129474004,-0.582787053460742,0.112000297224431,-5.20344202563076,1.95630800987902e-07,1.31527147363659e-05,"ENSG00000157450"
"ENSG00000168970",52.3620130665223,-0.853918351345845,0.243444070260457,-3.50765722259018,0.000452071133764347,0.00691644473628378,"ENSG00000168970"
"ENSG00000182718",8406.1845464334,0.821482664224162,0.231453588213097,3.54923278816412,0.000386355364692625,0.0061525853508824,"ENSG00000182718"
"ENSG00000140379",496.971122607308,0.792032523409054,0.206862919421414,3.8287795880689,0.000128780275381091,0.00263513710254993,"ENSG00000140379"
"ENSG00000259426",3.59022831639911,3.69244958712044,1.05627716206896,3.49572036556006,0.000472783883178207,0.00718356796199058,"ENSG00000259426"
"ENSG00000137807",54.9867284064071,1.86362649160501,0.389429189310296,4.78553365479771,1.70533606422471e-06,8.06948784295284e-05,"ENSG00000137807"
"ENSG00000131871",524.928651925607,0.483417966202663,0.133000797773451,3.63469974838874,0.000278304562643136,0.00485245329072927,"ENSG00000131871"
"ENSG00000187446",533.890799619188,0.663447122177949,0.169573160244799,3.91245360539478,9.13630944540055e-05,0.00204476367024652,"ENSG00000187446"
"ENSG00000104147",21.6163463542352,2.33264188896487,0.490449576824179,4.7561298840739,1.97339530432926e-06,9.0159214432735e-05,"ENSG00000104147"
"ENSG00000259838",16.2911908574919,2.99005542745712,0.86172208307174,3.46986051094177,0.000520728721530788,0.00776949145022738,"ENSG00000259838"
"ENSG00000140264",5037.98770392016,0.502123017651686,0.107576934027091,4.6675713729231,3.04780890752518e-06,0.00012805952268109,"ENSG00000140264"
"ENSG00000166794",3395.21205503563,0.964971666610399,0.156589606273883,6.16242475840071,7.16393739576795e-10,9.81904081403395e-08,"ENSG00000166794"
"ENSG00000271725",200.129256560278,-1.04502965964667,0.147160211391113,-7.10130577938119,1.23583598360463e-12,3.72136429366036e-10,"ENSG00000271725"
"ENSG00000172345",339.101775872533,-0.894942413494007,0.211892785303939,-4.22356245971424,2.40470686680343e-05,0.00069870093963233,"ENSG00000172345"
"ENSG00000177971",711.775403144816,-0.576425392098108,0.137134032194737,-4.20337229842083,2.62967536643079e-05,0.000755233644977535,"ENSG00000177971"
"ENSG00000215252",312.985820185805,-0.982536113770447,0.264146906970512,-3.71965784130924,0.000199492846288843,0.0037723319002326,"ENSG00000215252"
"ENSG00000140320",142.265053739427,-1.13926573182274,0.306898845280386,-3.71218643974336,0.000205476537558965,0.00385249123344044,"ENSG00000140320"
"ENSG00000140332",599.184103553623,0.684708940483811,0.164077882550245,4.173072749608,3.00518931349283e-05,0.000837659641183121,"ENSG00000140332"
"ENSG00000069956",200.634940906343,1.16259588945574,0.199215079612264,5.83588296487656,5.35064455515136e-09,5.87506684470045e-07,"ENSG00000069956"
"ENSG00000185088",359.918653315335,0.571422066434385,0.148536836210437,3.8470057731998,0.000119570152982985,0.00250140760040404,"ENSG00000185088"
"ENSG00000140534",9.81783030426235,1.98292643781981,0.560856768701035,3.5355309028584,0.000406956643043511,0.00638851210414434,"ENSG00000140534"
"ENSG00000138600",701.02540026905,0.555111053029103,0.105678820589643,5.2528127200116,1.49793830200054e-07,1.04456230926171e-05,"ENSG00000138600"
"ENSG00000128891",293.676967984244,0.528906772972274,0.120183152917686,4.40083955306553,1.07832840236971e-05,0.00035599167223747,"ENSG00000128891"
"ENSG00000137812",41.3931804058999,2.43148575007583,0.419888479225504,5.79078938903199,7.00563792889795e-09,7.28953131931507e-07,"ENSG00000137812"
"ENSG00000067225",10556.135573453,0.615959264415674,0.18038378244788,3.4147153145192,0.00063848707042992,0.00898039068487207,"ENSG00000067225"
"ENSG00000140374",633.126646188629,0.565945626295998,0.127819613079891,4.42769002862078,9.52476474172799e-06,0.000326370990477762,"ENSG00000140374"
"ENSG00000182117",749.803125567819,0.815917684515534,0.228478260859762,3.57109547947906,0.000355491265117597,0.00574392959589197,"ENSG00000182117"
"ENSG00000140451",36.9724907304054,1.73234807985032,0.298502976615793,5.80345328375083,6.49628585554954e-09,6.90412754509046e-07,"ENSG00000140451"
"ENSG00000258725",42.0117488384535,1.38412070830849,0.340166950509558,4.06894528182448,4.72264356282104e-05,0.0012189327034741,"ENSG00000258725"
"ENSG00000177082",303.208889676947,-0.413972957326609,0.115705105706853,-3.57782791690662,0.000346461420109983,0.00563467615651867,"ENSG00000177082"
"ENSG00000137869",12.9251413462262,5.58355022268243,1.50328743915853,3.71422661910076,0.000203826080090069,0.00382877080879965,"ENSG00000137869"
"ENSG00000259630",13.5941198996837,1.99830499609457,0.552430728856735,3.61729514980114,0.000297697771638038,0.00504777713093793,"ENSG00000259630"
"ENSG00000169375",528.680207548392,-0.53593390204339,0.147583026974646,-3.63140608394934,0.000281881237117398,0.00489267048600102,"ENSG00000169375"
"ENSG00000172349",3089.14429324936,-0.915118927301129,0.141488771880652,-6.46778479406866,9.94499916596766e-11,1.74908772941984e-08,"ENSG00000172349"
"ENSG00000259772",26.6695536473491,2.05804879490666,0.301199511353938,6.83284240952256,8.3248393291312e-12,2.01765679057504e-09,"ENSG00000259772"
"ENSG00000103199",124.635654260715,-0.911188647307429,0.169689573745322,-5.36973855962996,7.88508679734287e-08,6.05051023206147e-06,"ENSG00000103199"
"ENSG00000091651",24.4171967760522,1.38578547133302,0.33598374274681,4.12456108740153,3.71442401659691e-05,0.0010002921065468,"ENSG00000091651"
"ENSG00000166123",65.2623922213717,1.42607109023161,0.284630737921672,5.01024977359982,5.43594366398923e-07,3.07789015322285e-05,"ENSG00000166123"
"ENSG00000171241",104.677376882871,3.47305877313101,0.383696009395829,9.05158950857924,1.40902099469661e-19,2.54571665896367e-16,"ENSG00000171241"
"ENSG00000131153",58.6598842766242,3.02314373995664,0.402491305432728,7.51107837399466,5.86422691333078e-14,2.3926272673168e-11,"ENSG00000131153"
"ENSG00000260466",25.966814863973,1.59198277926577,0.329181923894797,4.8361792179529,1.32358595482406e-06,6.51112556093399e-05,"ENSG00000260466"
"ENSG00000103257",418.718342729088,1.17288335238146,0.241786284499117,4.85090936738284,1.22896698655448e-06,6.10612247269592e-05,"ENSG00000103257"
"ENSG00000103121",126.409622774952,0.665270208208508,0.166871944869599,3.98671094010668,6.69955652603904e-05,0.00158886618613962,"ENSG00000103121"
"ENSG00000127564",135.239966935158,1.82510606541084,0.331320156618892,5.50858747634304,3.61724477450928e-08,3.11208323154102e-06,"ENSG00000127564"
"ENSG00000162073",163.273807638206,0.943088654816465,0.269709842451338,3.49667867603541,0.000471088895714644,0.00716329052290193,"ENSG00000162073"
"ENSG00000140993",58.7251645032881,-1.02221235913289,0.229653369743562,-4.4511097758954,8.54276550835867e-06,0.000296298292693055,"ENSG00000140993"
"ENSG00000103423",528.846452667313,-0.418954686094495,0.120703538353557,-3.47093955826978,0.000518640725414138,0.00774415159795687,"ENSG00000103423"
"ENSG00000279196",27.6274356398935,1.79109460854229,0.518574884085358,3.45387843397266,0.000552586405596832,0.00814092084865193,"ENSG00000279196"
"ENSG00000099377",37.134364790856,1.81956898631675,0.538111507829756,3.38139764684685,0.000721180947615497,0.00988503735731463,"ENSG00000099377"
"ENSG00000167395",200.126371890556,-1.1995584805776,0.189450140165247,-6.33178988166116,2.42333357184395e-10,3.915555398929e-08,"ENSG00000167395"
"ENSG00000125148",548.538741011869,1.76107448806468,0.310406445724491,5.67344690267085,1.39952493246493e-08,1.34367915496657e-06,"ENSG00000125148"
"ENSG00000169715",33.4822521987939,2.41662186796886,0.412448872072918,5.85920348338744,4.65092526050986e-09,5.22217449872164e-07,"ENSG00000169715"
"ENSG00000198417",69.1813731413424,0.893785455521521,0.238110265393455,3.75366200211748,0.00017426981445381,0.00338557017835291,"ENSG00000198417"
"ENSG00000006327",32.2613311296921,2.36963591353717,0.548114931648547,4.32324641551015,1.53749840824377e-05,0.000480444078072903,"ENSG00000006327"
"ENSG00000103064",741.716841300631,-0.612868700114813,0.141841299226383,-4.32080574175124,1.55460489818521e-05,0.000484266735839073,"ENSG00000103064"
"ENSG00000103061",582.562207181229,-0.554596363618458,0.111123327140258,-4.99081856070107,6.01239540484574e-07,3.36592524720857e-05,"ENSG00000103061"
"ENSG00000166851",118.12575886635,3.80014355007275,0.425100409043825,8.93940224292038,3.91281119454013e-19,6.48026747335754e-16,"ENSG00000166851"
"ENSG00000261266",18.3298650602345,3.20630601636949,0.525135631808338,6.10567217716377,1.02368931352281e-09,1.32681056838683e-07,"ENSG00000261266"
"ENSG00000162063",142.192679800777,1.1766481659651,0.230265474255759,5.10996348787477,3.22221077706812e-07,1.99860233905339e-05,"ENSG00000162063"
"ENSG00000162062",18.6258430590003,1.97208371394898,0.40131328758127,4.91407529971112,8.92024636370513e-07,4.68997291619777e-05,"ENSG00000162062"
"ENSG00000166783",451.61144498397,-0.400760010474795,0.117758536290827,-3.40323532457164,0.000665928980217905,0.00928748951077239,"ENSG00000166783"
"ENSG00000103245",279.425502518921,-0.618058674413917,0.165107485383197,-3.74337161625029,0.00018156739181142,0.0034999712365278,"ENSG00000103245"
"ENSG00000010539",79.3070162920507,-1.07060058305548,0.231636132250704,-4.62190666306219,3.80229092873007e-06,0.000154217816158329,"ENSG00000010539"
"ENSG00000162086",202.032978308293,-0.556435347320032,0.1288813910892,-4.31742195376305,1.57862199895516e-05,0.00048944670214095,"ENSG00000162086"
"ENSG00000166971",323.472292071223,-0.653331328716572,0.189321754921394,-3.45090467277696,0.000558710872878407,0.00818842121866653,"ENSG00000166971"
"ENSG00000087237",13.3160042970107,1.83388793547725,0.474687665152155,3.86335704528876,0.000111839354158846,0.00238231010134288,"ENSG00000087237"
"ENSG00000196123",63.9094558137866,1.03674152307848,0.284639416323634,3.64229781127612,0.000270215199458476,0.00475722381135901,"ENSG00000196123"
"ENSG00000168701",432.652855551031,0.527185816036213,0.145739606283362,3.61731329924964,0.000297676904842304,0.00504777713093793,"ENSG00000168701"
"ENSG00000227827",15.3986200313686,-2.75435444145908,0.702738645703493,-3.91945776470251,8.87484113052255e-05,0.0019952329482806,"ENSG00000227827"
"ENSG00000197162",60.4468374663316,-0.77415392622973,0.191009147431393,-4.05296781143841,5.05719628204761e-05,0.00128197345547722,"ENSG00000197162"
"ENSG00000153066",1172.35421370981,1.13573394723532,0.210926450863777,5.38450224039853,7.26453992100123e-08,5.61772242762562e-06,"ENSG00000153066"
"ENSG00000166451",106.853892347565,1.0479272131698,0.233136536394299,4.49490770248668,6.96001296317291e-06,0.000255209036217894,"ENSG00000166451"
"ENSG00000005189",16.9118465872611,1.66303852500442,0.481334734176565,3.45505613229728,0.000550178266201163,0.00811747799738821,"ENSG00000005189"
"ENSG00000086504",529.340964801016,0.552025314574793,0.117336578654042,4.70463107844995,2.54325424253893e-06,0.000110119030100694,"ENSG00000086504"
"ENSG00000005513",14.9021070684855,-1.9363585523276,0.535601474785838,-3.61529727509031,0.000300003163709086,0.00506995142479114,"ENSG00000005513"
"ENSG00000140987",170.679843535544,-0.756403195781278,0.161310224286501,-4.68912122047415,2.74380820027082e-06,0.000117269772413295,"ENSG00000140987"
"ENSG00000103035",905.311791317995,0.379511140550196,0.103056989438973,3.68253664905407,0.000230924656991604,0.00420274416946075,"ENSG00000103035"
"ENSG00000161981",220.207612492978,0.925309575822616,0.19359000892966,4.77973827749975,1.75523536576915e-06,8.24670157430169e-05,"ENSG00000161981"
"ENSG00000103512",363.429971494814,0.677675966903898,0.158865242036293,4.2657283507558,1.99251099770592e-05,0.000599987326794052,"ENSG00000103512"
"ENSG00000051523",7753.85014986591,0.512416011605548,0.143326422666782,3.57516780277743,0.000350003336592072,0.0056737082474966,"ENSG00000051523"
"ENSG00000185669",156.126646986616,-0.841220475325594,0.249044664943466,-3.37778958451711,0.000730709701511169,0.00995347814107812,"ENSG00000185669"
"ENSG00000158805",1362.19652196217,-0.638225786726087,0.126949106480752,-5.02741456335383,4.97136855995293e-07,2.8915207845633e-05,"ENSG00000158805"
"ENSG00000167513",53.3056205894879,2.8821386340246,0.429312511525506,6.71338141016039,1.90165178630908e-11,4.13320861471505e-09,"ENSG00000167513"
"ENSG00000187741",857.38601303428,-0.40062015591367,0.105628949457869,-3.7927117326246,0.00014901110166406,0.00298860768482081,"ENSG00000187741"
"ENSG00000103522",481.870232892685,-0.87279148938832,0.217672757736376,-4.00964961561869,6.08089133913264e-05,0.00148648996892893,"ENSG00000103522"
"ENSG00000048462",152.89212977228,3.16191559568692,0.501322039478293,6.3071545766817,2.84211950327922e-10,4.44758133922608e-08,"ENSG00000048462"
"ENSG00000100726",524.93591380528,-0.381589689782838,0.108359390546759,-3.52151934278531,0.0004290813628712,0.00665176521505635,"ENSG00000100726"
"ENSG00000246898",20.3287936815186,-1.42884316551411,0.387492703954108,-3.68740662968285,0.000226551180079688,0.00414211421610279,"ENSG00000246898"
"ENSG00000281005",36.5285513542239,-1.20858763570813,0.260928540583016,-4.63187213252975,3.6237394482871e-06,0.000148490419311245,"ENSG00000281005"
"ENSG00000006194",241.291935893359,-0.510765154325984,0.14805845705756,-3.44975332363091,0.000561099010575446,0.00819344727125379,"ENSG00000006194"
"ENSG00000291066",37.5906647453962,-1.05460688175772,0.288892234604885,-3.65052000515036,0.000261709923533274,0.00465185361744499,"ENSG00000291066"
"ENSG00000271178",7.74661650799884,3.81002880088017,1.05681628126516,3.60519502625282,0.000311918597527645,0.00521807256503738,"ENSG00000271178"
"ENSG00000185164",311.39575738982,0.99501401451004,0.254243737882862,3.91362250569363,9.09217392514028e-05,0.00203717998408386,"ENSG00000185164"
"ENSG00000157045",276.487242457503,0.640426613518156,0.151536488568666,4.22622049360712,2.37649135786138e-05,0.000691513751773603,"ENSG00000157045"
"ENSG00000129195",10.7806608315848,2.59266053875129,0.627780131195236,4.1298862609989,3.62942746039289e-05,0.00098271445977995,"ENSG00000129195"
"ENSG00000142494",12.3598163527453,-2.02162351858576,0.54364465156153,-3.71864877687839,0.000200291312520412,0.00378383036599874,"ENSG00000142494"
"ENSG00000094804",60.0810972934858,3.00182623493708,0.467568041901157,6.42008427849664,1.36198920774338e-10,2.31351910381983e-08,"ENSG00000094804"
"ENSG00000266208",21.3489568380372,1.217667375582,0.338640684185791,3.59575039989568,0.000323457826573364,0.00537491709474835,"ENSG00000266208"
"ENSG00000262074",24.5315500324452,-2.99675480324667,0.598815250008151,-5.00447308782781,5.60150366020874e-07,3.15366242897985e-05,"ENSG00000262074"
"ENSG00000126353",2365.74239311658,-1.12234055791871,0.301478606932258,-3.72278673216404,0.000197035947018656,0.00372942134385596,"ENSG00000126353"
"ENSG00000267659",3.12292729856905,5.27394107569898,1.14849956031908,4.59202707420607,4.38961404577743e-06,0.000173093630051152,"ENSG00000267659"
"ENSG00000108423",85.0231419763942,-0.73369093442735,0.203375608302514,-3.60756602304053,0.00030908290284104,0.00518144145780797,"ENSG00000108423"
"ENSG00000159210",546.680217568863,0.498438145055157,0.124542915155454,4.00213969966102,6.27722150133492e-05,0.00152138414777476,"ENSG00000159210"
"ENSG00000131747",207.342265437597,3.40582669458104,0.436358455840292,7.80511217096152,5.9448645743863e-15,3.28189551531537e-12,"ENSG00000131747"
"ENSG00000129255",545.235551869852,0.513493934223842,0.137262887006874,3.74095245569275,0.000183324201256257,0.00352017891378439,"ENSG00000129255"
"ENSG00000004142",1005.24860932029,0.3611934582979,0.0852630797652307,4.23622345442407,2.27310572378252e-05,0.000663373027231333,"ENSG00000004142"
"ENSG00000186532",218.37388038381,-0.701391232387866,0.152786429218841,-4.59066447179835,4.41837127427116e-06,0.000173882595455178,"ENSG00000186532"
"ENSG00000121073",475.863653240011,0.613123717030401,0.154980982223705,3.95612228179968,7.61761792726631e-05,0.00175372762727863,"ENSG00000121073"
"ENSG00000240505",133.818665488978,1.5230584870461,0.274628599642473,5.5458844746283,2.92471894398361e-08,2.57194089790842e-06,"ENSG00000240505"
"ENSG00000196544",282.996029094014,-0.430506081184656,0.118870818291427,-3.6216296595958,0.000292753014394913,0.00500083816509991,"ENSG00000196544"
"ENSG00000178999",63.4937097558036,3.144053831542,0.398127349432986,7.89710587835717,2.85453879444137e-15,1.71912436365842e-12,"ENSG00000178999"
"ENSG00000125430",121.290951214295,-0.669236034023939,0.182515993887465,-3.66672541824786,0.000245676352688036,0.0044240307313919,"ENSG00000125430"
"ENSG00000186185",13.6970160806042,3.24348208577891,0.661210741129855,4.90536811340444,9.32522825975165e-07,4.86429360719959e-05,"ENSG00000186185"
"ENSG00000174282",418.863526515511,-1.00463909017605,0.239778475245733,-4.18986353610959,2.79122266647878e-05,0.000787965330590899,"ENSG00000174282"
"ENSG00000132475",15361.9002903666,0.587527111444288,0.136882736549696,4.29219291090797,1.76917136762555e-05,0.000541764433901237,"ENSG00000132475"
"ENSG00000154025",297.331985015471,-1.2010343785216,0.284920905852675,-4.21532556527328,2.49418113806853e-05,0.000719439128272481,"ENSG00000154025"
"ENSG00000175662",254.342269471061,-0.565156172376527,0.149206070720888,-3.7877558845024,0.000152014095572582,0.00302478269604241,"ENSG00000175662"
"ENSG00000239672",131.009204065187,1.26451263769525,0.243898844263195,5.18457822756507,2.16504258502397e-07,1.42950353271649e-05,"ENSG00000239672"
"ENSG00000154016",342.143287101231,-1.26512109563093,0.264270501965216,-4.78722023919814,1.69107226105007e-06,8.02165636076457e-05,"ENSG00000154016"
"ENSG00000076382",139.040815856883,1.89671542284862,0.345103222086889,5.4960814662318,3.88323170748929e-08,3.27014182011196e-06,"ENSG00000076382"
"ENSG00000068489",61.2771150782777,1.1648085753999,0.245258235939465,4.7493148229583,2.04106991827996e-06,9.2401420400674e-05,"ENSG00000068489"
"ENSG00000159111",464.633066603783,0.55801551944856,0.153788152849622,3.62846883266881,0.000285107161480163,0.00493143579395714,"ENSG00000159111"
"ENSG00000182481",709.119418170804,1.07897622451527,0.269712856306572,4.00046271168046,6.32187485959848e-05,0.00152847860048248,"ENSG00000182481"
"ENSG00000263818",27.6466783964754,-1.61473472705728,0.342059508330423,-4.72062517700129,2.35120858725193e-06,0.000103380352794347,"ENSG00000263818"
"ENSG00000161381",150.594034975107,-1.57063240982959,0.325657711420576,-4.82295476123753,1.41447060486138e-06,6.90692599533539e-05,"ENSG00000161381"
"ENSG00000189159",628.3433737049,0.584989043091805,0.136836551156151,4.27509344651814,1.91057142647648e-05,0.000577940586450435,"ENSG00000189159"
"ENSG00000142507",1310.70492135597,0.667165682303137,0.120330812608423,5.54442929322025,2.94914474895715e-08,2.58199571545262e-06,"ENSG00000142507"
"ENSG00000167900",273.597422698079,3.39228308220802,0.371030104998649,9.14287826380118,6.08118296619817e-20,1.51071787837778e-16,"ENSG00000167900"
"ENSG00000089685",126.012452760669,3.54023185684548,0.531310289223815,6.66320966984728,2.67911015597505e-11,5.43312604488245e-09,"ENSG00000089685"
"ENSG00000161653",18.2501597782254,-1.60126970504116,0.406145154812564,-3.94260447543723,8.06015202076262e-05,0.00183683122873587,"ENSG00000161653"
"ENSG00000125319",17.6726804686222,1.83025554596092,0.451660734891805,4.05227951993514,5.07210151408511e-05,0.00128411395529844,"ENSG00000125319"
"ENSG00000262831",1027.77789489541,0.664917573249866,0.149882890505735,4.43624733287635,9.15406659583233e-06,0.000315299687219362,"ENSG00000262831"
"ENSG00000183010",60.0795630717455,3.07556613300515,0.529689382714047,5.80635790214715,6.38464093001436e-09,6.82195450769384e-07,"ENSG00000183010"
"ENSG00000263585",12.1957664423109,3.44681576456618,0.59432767097782,5.79952092571308,6.65046396175696e-09,6.9931915754475e-07,"ENSG00000263585"
"ENSG00000185624",5775.69650456603,0.578343997157595,0.137656537782725,4.20135510069593,2.65322042305458e-05,0.000758111575314582,"ENSG00000185624"
"ENSG00000131462",180.457192532252,1.00284931457121,0.209631886890548,4.78385864596456,1.71961637297358e-06,8.11773296828431e-05,"ENSG00000131462"
"ENSG00000092871",264.345159132256,-0.759870930917689,0.122406880239184,-6.20774689652164,5.37496247848899e-10,7.79722659105768e-08,"ENSG00000092871"
"ENSG00000108950",183.034505369176,3.64319044790764,0.696052928237884,5.23407100251798,1.65816707968624e-07,1.15225218677218e-05,"ENSG00000108950"
"ENSG00000108953",1088.7120905922,0.694205249088831,0.155523484465521,4.46366831012415,8.05682553370618e-06,0.000285421302418675,"ENSG00000108953"
"ENSG00000154920",46.5447952314318,1.14128376707963,0.27679082961497,4.12327160067845,3.7352882519306e-05,0.00100317727998471,"ENSG00000154920"
"ENSG00000108829",690.417474645784,0.804005998290676,0.164314451986893,4.8930936297363,9.92631529200204e-07,5.12404130164282e-05,"ENSG00000108829"
"ENSG00000005961",1124.45093254907,1.28473227441239,0.349928769241884,3.67141083368408,0.000241215234477463,0.00436109853001966,"ENSG00000005961"
"ENSG00000161513",113.755549539565,1.0742726405116,0.195310645418826,5.50032814754116,3.7908507272457e-08,3.21963108347355e-06,"ENSG00000161513"
"ENSG00000167863",482.466919297603,0.513223720927657,0.12574221378158,4.08155467836083,4.47354501293872e-05,0.0011732138718091,"ENSG00000167863"
"ENSG00000274512",3.46582206274058,-5.06353372449676,1.17245941898147,-4.31872834361764,1.56930802014996e-05,0.000487319181132192,"ENSG00000274512"
"ENSG00000204650",62.7183667769667,-1.06209618283989,0.289056865349894,-3.67435031011722,0.000238455390752259,0.00432002045196936,"ENSG00000204650"
"ENSG00000277791",1860.07468461797,0.572425318414943,0.128166766203508,4.46625389226116,7.9601136446227e-06,0.000283511287765648,"ENSG00000277791"
"ENSG00000198863",411.085696069891,-0.599059565764721,0.150798541815399,-3.97258195306733,7.10977632468142e-05,0.00165650286842577,"ENSG00000198863"
"ENSG00000177602",7.97216881986684,2.4663739454311,0.567902180584808,4.34295558240559,1.40578564471876e-05,0.000443469585764138,"ENSG00000177602"
"ENSG00000184557",2634.52838135111,1.03821879605014,0.214653648811633,4.83671627199412,1.32001636917141e-06,6.50967873968054e-05,"ENSG00000184557"
"ENSG00000141510",303.540285584475,-0.452377240518625,0.132529899423821,-3.41339759922367,0.000641582644438616,0.00901754842685506,"ENSG00000141510"
"ENSG00000178977",129.835244670432,-0.811879346809733,0.176005941230234,-4.61279512006764,3.97289865741055e-06,0.000159832769063517,"ENSG00000178977"
"ENSG00000012048",51.6821479720619,1.75660072439447,0.332080410542156,5.28968487339147,1.22527279604963e-07,8.88725239003294e-06,"ENSG00000012048"
"ENSG00000183691",21.9501944951553,-3.25922475391059,0.667803742542173,-4.88051286071486,1.05810313148869e-06,5.39218641717592e-05,"ENSG00000183691"
"ENSG00000167842",127.927637854725,-0.715544674431444,0.154283408220011,-4.63785887728811,3.52037009931348e-06,0.000145454959155418,"ENSG00000167842"
"ENSG00000277089",823.486345518854,-0.973618347176946,0.273333815441436,-3.56201206061732,0.000368023473106613,0.00590481135965495,"ENSG00000277089"
"ENSG00000277632",1154.48914382118,-0.905916508199261,0.255759911092375,-3.542058269922,0.000397017761672147,0.00627711296378064,"ENSG00000277632"
"ENSG00000177369",135.565566312504,-0.55934041124325,0.159198453577553,-3.51347892315278,0.000442279500889905,0.00681384713231471,"ENSG00000177369"
"ENSG00000212719",42.0719524188903,-0.921317281370624,0.244818497040394,-3.76326663429606,0.000167708225032959,0.00328377661507884,"ENSG00000212719"
"ENSG00000274213",47.1139334898499,1.56595463731264,0.338596240458876,4.62484354578305,3.74881259634412e-06,0.00015235971685019,"ENSG00000274213"
"ENSG00000186594",545.49716027031,1.25533977624955,0.254189006126507,4.93860767379051,7.86823296570934e-07,4.2312025682992e-05,"ENSG00000186594"
"ENSG00000181045",168.506253818676,-0.902156540458522,0.267071497807273,-3.37795889065462,0.000730259967960835,0.00995347814107812,"ENSG00000181045"
"ENSG00000214401",59.193812046187,-1.76860603085984,0.409136509948034,-4.32277733190928,1.54077218461254e-05,0.000480711246420558,"ENSG00000214401"
"ENSG00000238083",73.2779195660752,-1.10862575558021,0.282172687816515,-3.92889107786754,8.53384796506387e-05,0.00192510436387831,"ENSG00000238083"
"ENSG00000185829",23.6786797981964,-1.32624871331671,0.371217097408419,-3.57270374283852,0.000353314398055705,0.00572271421920056,"ENSG00000185829"
"ENSG00000108733",17.0272214246048,-1.21094248344509,0.354466634266942,-3.41623827571073,0.00063492664272285,0.00893663746280023,"ENSG00000108733"
"ENSG00000176390",995.738600515677,-0.733983192667325,0.156029360330984,-4.70413511348334,2.549443773304e-06,0.000110147055544878,"ENSG00000176390"
"ENSG00000276250",154.438250748985,-0.781689781273872,0.170713393764002,-4.57895988146365,4.67293806412512e-06,0.000180680877600044,"ENSG00000276250"
"ENSG00000197705",57.4303869342273,1.49514229424264,0.365513953917276,4.09052042533244,4.30406302268127e-05,0.00113597541185614,"ENSG00000197705"
"ENSG00000154839",29.2255492908764,3.20188932570332,0.515685708409397,6.20899372134892,5.33249531114753e-10,7.79250086865779e-08,"ENSG00000154839"
"ENSG00000101773",177.949444189658,0.818299831941013,0.16109450165757,5.07962607985485,3.78178474333842e-07,2.30549662543275e-05,"ENSG00000101773"
"ENSG00000187323",5.02991970949507,4.79435535376055,1.1785521508915,4.0680044155313,4.74174830620975e-05,0.00122227634030626,"ENSG00000187323"
"ENSG00000101782",866.844112756609,0.515233318447522,0.150063857277697,3.43342712758655,0.000596002390068173,0.00855231155250172,"ENSG00000101782"
"ENSG00000141458",628.704960726812,-0.639338892036988,0.122516253582903,-5.21840060677635,1.80474783115241e-07,1.24109198603194e-05,"ENSG00000141458"
"ENSG00000166562",604.922401920392,1.42506781433664,0.229759014662106,6.20244570787531,5.55923661099501e-10,7.94850851848309e-08,"ENSG00000166562"
"ENSG00000188985",10.952789974124,1.84260768021727,0.540764717453126,3.40741106205212,0.000655822775294097,0.00917874777196822,"ENSG00000188985"
"ENSG00000186812",86.3679980830296,-0.650518136208278,0.182221992919336,-3.5699210934228,0.000357088773884915,0.00576037523716624,"ENSG00000186812"
"ENSG00000176014",344.5799625502,0.833978757992525,0.165448026320991,5.04072956648329,4.63760435117401e-07,2.74308776414382e-05,"ENSG00000176014"
"ENSG00000176225",113.536928211439,-0.548022582983581,0.157465419496648,-3.48027258769185,0.000500903864516367,0.00755179469596419,"ENSG00000176225"
"ENSG00000235297",95.5789336657783,0.625835850777531,0.168332800883494,3.71784849710119,0.000200926702653707,0.00379222914391242,"ENSG00000235297"
"ENSG00000134508",13.8806947555645,1.61831296841669,0.397004231555307,4.07631163546234,4.57556882217369e-05,0.00119024679020785,"ENSG00000134508"
"ENSG00000141429",889.805443833845,0.512123417095419,0.138573539947916,3.6956796895562,0.000219299313283064,0.00403551347424779,"ENSG00000141429"
"ENSG00000141759",634.598772666959,0.479266393406471,0.100114009134314,4.78720608185297,1.69119151411913e-06,8.02165636076457e-05,"ENSG00000141759"
"ENSG00000080986",68.5491629175324,1.68849197583329,0.343324433555721,4.9180652782152,8.74037679560661e-07,4.60759279670784e-05,"ENSG00000080986"
"ENSG00000176890",152.626275862331,3.07917418799387,0.416460485748033,7.39367669531278,1.42823438677484e-13,5.56563337309083e-11,"ENSG00000176890"
"ENSG00000228835",7.78806771092893,2.09338533250436,0.567473288714379,3.68895836004362,0.000225174064980626,0.00412072685766571,"ENSG00000228835"
"ENSG00000074695",593.250831209493,0.932821611194699,0.217465536965591,4.28951467074204,1.79063985407516e-05,0.00054581558987561,"ENSG00000074695"
"ENSG00000176912",24.8147839332589,2.95378925854506,0.558533166973829,5.28847601754591,1.2333965657196e-07,8.91364485349503e-06,"ENSG00000176912"
"ENSG00000101452",133.679174900229,-0.470759692352627,0.133930334008067,-3.51495944394697,0.000439821150278877,0.00678123005480403,"ENSG00000101452"
"ENSG00000101447",29.3426639463641,1.97108255371488,0.396833153169566,4.96703094983761,6.79857412432248e-07,3.77415816052472e-05,"ENSG00000101447"
"ENSG00000125970",2074.91606182247,0.339606669144938,0.0971573361962422,3.49543001527941,0.000473298554799233,0.00718589417729561,"ENSG00000125970"
"ENSG00000101194",336.386653169833,0.70108356564826,0.191189412867904,3.66695809737462,0.000245452998213337,0.0044240307313919,"ENSG00000101194"
"ENSG00000226332",180.341097596326,0.451836391639233,0.1273907777544,3.54685323069727,0.000389861718142009,0.00619353460140231,"ENSG00000226332"
"ENSG00000124145",21.4262435534801,1.37907408093713,0.354180027539006,3.89370933905992,9.872293092322e-05,0.00217277910206874,"ENSG00000124145"
"ENSG00000124172",1712.93977889828,0.544710415173059,0.12101921828092,4.5010240762639,6.76268443165947e-06,0.000249817082518216,"ENSG00000124172"
"ENSG00000101057",548.880059194039,3.44594965346283,0.496001539311939,6.94745757894846,3.71927848321553e-12,1.02613000708711e-09,"ENSG00000101057"
"ENSG00000101197",3.85027221447165,-5.21160224108219,1.39976938723456,-3.72318632526921,0.000196724229790232,0.00372707087021074,"ENSG00000101197"
"ENSG00000125863",213.501348385017,-0.673353397492616,0.130622190855132,-5.1549694051557,2.53672343127657e-07,1.6262852088126e-05,"ENSG00000125863"
"ENSG00000101367",1366.65475947056,0.616335632877514,0.1256611650398,4.90474230986404,9.3550072336217e-07,4.86705271625648e-05,"ENSG00000101367"
"ENSG00000101335",109.780962280992,1.62032784332157,0.294490814619204,5.50213372670643,3.75222170513431e-08,3.20050017887722e-06,"ENSG00000101335"
"ENSG00000118707",251.560979926407,-0.638078913098867,0.142541466069479,-4.47644415827637,7.58965075362299e-06,0.000273254925865042,"ENSG00000118707"
"ENSG00000125968",236.5806151185,1.340283666588,0.320735238121505,4.17878520127014,2.93070315221736e-05,0.000821506268648349,"ENSG00000125968"
"ENSG00000088325",126.758581309787,3.13822343174182,0.366169165514496,8.57041970569086,1.0310855643409e-17,1.28073715660694e-14,"ENSG00000088325"
"ENSG00000101298",88.8199022014555,-1.02384484960893,0.24381392791916,-4.19928778616947,2.67755838610401e-05,0.000760773640775394,"ENSG00000101298"
"ENSG00000132801",16.8424053877759,-1.61797036344561,0.442935792512516,-3.6528327373767,0.000259363185899654,0.00462294525252889,"ENSG00000132801"
"ENSG00000100979",311.004484995348,1.21294713687336,0.274172869001224,4.42402321313544,9.68796038962957e-06,0.000329445441746896,"ENSG00000100979"
"ENSG00000088836",8.72900923296519,2.02624105471709,0.592834617495801,3.41788585706441,0.000631095677003856,0.00890827417082399,"ENSG00000088836"
"ENSG00000101412",101.138490642273,2.12254312663503,0.335454740359846,6.3273606578287,2.4938999867788e-10,3.96510146697934e-08,"ENSG00000101412"
"ENSG00000132646",366.121920549769,1.12574407700955,0.307798326627351,3.65740804813563,0.000254778613750306,0.00455757891059728,"ENSG00000132646"
"ENSG00000101290",701.715965358421,0.65967908012507,0.167828319326748,3.93067798552357,8.47066597074483e-05,0.00191519926624099,"ENSG00000101290"
"ENSG00000149600",532.60969620809,0.44601167644363,0.0996246650179202,4.47692021211215,7.57275346181999e-06,0.000273141383484956,"ENSG00000149600"
"ENSG00000198900",299.458341955068,0.597774748924068,0.170470628180481,3.5066143376394,0.000453846407471437,0.00693643563067495,"ENSG00000198900"
"ENSG00000125995",461.751762008041,0.620951896784613,0.125356163898842,4.95350110813617,7.28899430306275e-07,3.97971079063377e-05,"ENSG00000125995"
"ENSG00000204103",2904.9437957504,1.835146903423,0.324948782427076,5.64749585985857,1.62801755085956e-08,1.53342278700393e-06,"ENSG00000204103"
"ENSG00000175063",71.6673026321169,3.52200780644923,0.495491696170454,7.10810662150354,1.17645663739548e-12,3.5970614171689e-10,"ENSG00000175063"
"ENSG00000101187",71.5699117791523,3.17638994956579,0.51243438099545,6.19862770213694,5.6957582097597e-10,8.05629320464516e-08,"ENSG00000101187"
"ENSG00000232803",12.0041396529589,3.54160362031669,0.734957724743513,4.8187854907609,1.44434739719488e-06,7.01832767037921e-05,"ENSG00000232803"
"ENSG00000101191",684.925445910017,-0.431210098532385,0.124949131432867,-3.45108520233346,0.000558337276719894,0.00818842121866653,"ENSG00000101191"
"ENSG00000087586",46.7678215907686,1.53180642945711,0.32845213972449,4.6637127428733,3.10554811187536e-06,0.000129886448200709,"ENSG00000087586"
"ENSG00000101138",211.788220043876,-0.686291373301665,0.188459588439145,-3.64158374209372,0.000270965953228258,0.00475722381135901,"ENSG00000101138"
"ENSG00000087589",87.0824720749948,-1.01472425096582,0.201208625845209,-5.04314487862194,4.57942251079712e-07,2.72489350238269e-05,"ENSG00000087589"
"ENSG00000171222",1102.97644806794,0.475513298963628,0.136725895073051,3.47785837283835,0.000505436902887514,0.00759837595157825,"ENSG00000171222"
"ENSG00000171940",226.782656405634,-1.0628208483885,0.158583344760797,-6.70197018477342,2.05627999784883e-11,4.39424824486535e-09,"ENSG00000171940"
"ENSG00000197457",325.140136637016,-1.35740142936924,0.331810043358152,-4.09089916517106,4.29703942806459e-05,0.00113562980842228,"ENSG00000197457"
"ENSG00000277449",75.346090660546,1.09720286524072,0.237969873544086,4.61067970033382,4.0135452602969e-06,0.00016114181515786,"ENSG00000277449"
"ENSG00000172216",1719.37799430604,0.987307677656309,0.244760085375393,4.03377730540524,5.48873381030684e-05,0.00137039065007586,"ENSG00000172216"
"ENSG00000125991",766.127299018581,0.491518013121563,0.133368680983856,3.68540806953815,0.000228336492529082,0.0041670885698099,"ENSG00000125991"
"ENSG00000101084",379.520982687116,0.8553754530831,0.136010702518537,6.28903047513134,3.19454760090873e-10,4.84644572675268e-08,"ENSG00000101084"
"ENSG00000125844",647.639785655762,0.880677033432069,0.201297125751115,4.37501047342795,1.21426648005145e-05,0.000394319150727819,"ENSG00000125844"
"ENSG00000125835",1688.78001472428,0.490366016892523,0.129473761953438,3.78737753112379,0.00015224568401606,0.00302573072413518,"ENSG00000125835"
"ENSG00000101003",21.5768617853814,1.95092666668464,0.420821750083648,4.6359929502143,3.55228073095956e-06,0.000146228191694292,"ENSG00000101003"
"ENSG00000101294",2181.11541120463,0.471355181218611,0.13546991213683,3.47940862870364,0.0005025216997239,0.00756599716690362,"ENSG00000101294"
"ENSG00000277301",15.4802366027803,-1.6004814178668,0.465642053280517,-3.43714964443433,0.000587870714276973,0.00847232964143623,"ENSG00000277301"
"ENSG00000089195",306.893571378664,1.01774850014632,0.161134420823501,6.31614582995345,2.68167012464826e-10,4.22980254422694e-08,"ENSG00000089195"
"ENSG00000178726",465.871409378091,2.52778122030542,0.31303780364302,8.07500305358657,6.74749573472556e-16,5.36398920927743e-13,"ENSG00000178726"
"ENSG00000279164",22.5440114276043,2.23877620171582,0.350171843766515,6.39336440541628,1.62274902508436e-10,2.66533174582864e-08,"ENSG00000279164"
"ENSG00000118705",3803.15179810603,0.615548299663793,0.138753580282785,4.43626966892878,9.15311729425119e-06,0.000315299687219362,"ENSG00000118705"
"ENSG00000213742",178.375590030396,-0.911831426246704,0.144060417025192,-6.32950705735671,2.45945645137146e-10,3.94187399310938e-08,"ENSG00000213742"
"ENSG00000130684",209.76544256101,-0.900927308823686,0.130625584920633,-6.89702028412796,5.31046020877985e-12,1.40720114919054e-09,"ENSG00000130684"
"ENSG00000126001",481.111813523319,-0.652534800992226,0.141356130150443,-4.61624692397665,3.90742000870712e-06,0.000158158992368728,"ENSG00000126001"
"ENSG00000064687",1169.97949732587,-0.646179705364946,0.161930619413302,-3.99047263393514,6.59417577169877e-05,0.00156949280582924,"ENSG00000064687"
"ENSG00000125910",1556.57138488074,-0.586702724794917,0.131888748682105,-4.44846683782754,8.64853984149716e-06,0.000299444391654903,"ENSG00000125910"
"ENSG00000060558",445.312827816018,0.758595103268965,0.199968902483559,3.79356536865194,0.000148499513872536,0.0029871248367437,"ENSG00000060558"
"ENSG00000167785",229.092528365539,-0.439646860923087,0.125049275766465,-3.51578894182598,0.000438449380565738,0.0067653284078909,"ENSG00000167785"
"ENSG00000142303",111.129792392434,-1.25956080865277,0.327717584953199,-3.84343369560913,0.000121324788648452,0.00253012471101714,"ENSG00000142303"
"ENSG00000074842",996.510852129177,1.04425023144696,0.170874152670381,6.11122405072775,9.88698435821507e-10,1.31542536038254e-07,"ENSG00000074842"
"ENSG00000197933",26.4507378331373,-1.3493730343241,0.327217062338316,-4.12378567511543,3.72695709053437e-05,0.0010022942519253,"ENSG00000197933"
"ENSG00000131355",98.4669452439621,-2.21157004827403,0.432202126269427,-5.11698095371093,3.10464958499164e-07,1.94030836012968e-05,"ENSG00000131355"
"ENSG00000267275",31.0223371359782,-1.03268131029127,0.291518818198357,-3.54241731862608,0.000396477692224506,0.0062735650121575,"ENSG00000267275"
"ENSG00000085872",378.180985484683,-0.426074754309493,0.120716596649507,-3.52954578024241,0.000416273676859544,0.00649373866083719,"ENSG00000085872"
"ENSG00000197050",118.085151540868,-1.17290953761064,0.189357117684898,-6.19416661993366,5.85942180628094e-10,8.2007147167625e-08,"ENSG00000197050"
"ENSG00000159917",80.2165154213602,-0.878180417146708,0.238719144218638,-3.67871801828512,0.000234409261960223,0.00425447458648171,"ENSG00000159917"
"ENSG00000171606",374.242360387309,-0.595582572562022,0.148933450282304,-3.99898458964788,6.36148215077576e-05,0.0015337400128342,"ENSG00000171606"
"ENSG00000105173",59.6242756790384,1.84580456935572,0.338485388947468,5.45312923283133,4.94910742846786e-08,4.04767740878067e-06,"ENSG00000105173"
"ENSG00000178229",43.973545639499,-1.22545188167401,0.261952582873673,-4.67814391532448,2.89483348624184e-06,0.000122621353774037,"ENSG00000178229"
"ENSG00000188785",151.077152201422,-0.813425019485659,0.204246636802121,-3.98256261264035,6.81761557246579e-05,0.00160918398915897,"ENSG00000188785"
"ENSG00000080031",6.29560005443516,2.8018776867977,0.717762989350083,3.90362519156182,9.47624969226536e-05,0.00209956506559734,"ENSG00000080031"
"ENSG00000090924",208.428314472537,0.590426612578836,0.149618850221209,3.94620471755997,7.9399733853945e-05,0.00181378196622219,"ENSG00000090924"
"ENSG00000128011",101.240421498455,-0.814534760119412,0.229887927238513,-3.54318197525143,0.000395329807203567,0.0062603861261862,"ENSG00000128011"
"ENSG00000125735",92.1611561757468,-1.09086529572531,0.201073844582456,-5.42519738452593,5.7890530949228e-08,4.63917908098773e-06,"ENSG00000125735"
"ENSG00000142528",114.16570812003,-0.734797742327705,0.16018525594584,-4.58717463095448,4.49284856013559e-06,0.000176116118903619,"ENSG00000142528"
"ENSG00000161677",209.460229143157,0.577907743133225,0.17051326625275,3.38922452096249,0.000700905954305697,0.00964000341582798,"ENSG00000161677"
"ENSG00000267437",13.9858177340969,-1.38652978948057,0.384350551396238,-3.60746142926997,0.000309207485607339,0.00518144145780797,"ENSG00000267437"
"ENSG00000269086",12.2397165914789,-1.89900045772819,0.49485504072781,-3.83748835807599,0.000124299125273668,0.00256990547465562,"ENSG00000269086"
"ENSG00000271109",80.0102444095058,-1.39523128295162,0.312184945806625,-4.46924588034382,7.84958553974176e-06,0.000280419024769036,"ENSG00000271109"
"ENSG00000180884",197.714814399837,-0.897303563214433,0.166436210114251,-5.3912761087174,6.99590845755122e-08,5.45241900726952e-06,"ENSG00000180884"
"ENSG00000267458",145.386683271674,0.931383094821074,0.252437476521969,3.68955952045423,0.000224642667571781,0.00411724672324402,"ENSG00000267458"
"ENSG00000108106",290.942667080726,0.599235298691401,0.171269916890119,3.49877730761001,0.000467396775279412,0.00712349962569251,"ENSG00000108106"
"ENSG00000198482",139.455225734564,-0.849285904534155,0.186518278640873,-4.55336555067289,5.27944175875011e-06,0.000199096063592789,"ENSG00000198482"
"ENSG00000152439",52.0393775866033,-1.2373270028214,0.217278932708599,-5.69464783077162,1.23626830116149e-08,1.21434835490072e-06,"ENSG00000152439"
"ENSG00000121406",102.52723952163,-0.952837754083153,0.218367081328349,-4.36346791964679,1.28016720815454e-05,0.000409694735827106,"ENSG00000121406"
"ENSG00000171649",59.2508472448449,-0.970926373705274,0.279515410711168,-3.47360587824104,0.000513514715713663,0.00770233317742894,"ENSG00000171649"
"ENSG00000121417",300.772668762562,-0.650034435467553,0.158231669081896,-4.10811842685623,3.98895563183636e-05,0.00106391366308233,"ENSG00000121417"
"ENSG00000131845",44.5400521645594,-1.44119680767637,0.286335006793082,-5.03325396296318,4.82223602390084e-07,2.84383141658769e-05,"ENSG00000131845"
"ENSG00000105438",218.170273443098,0.624270804483624,0.154168132793081,4.04928562844759,5.13742124688594e-05,0.00129734574155796,"ENSG00000105438"
"ENSG00000105516",321.220134951048,-0.978647610535615,0.176884605332452,-5.5326895672818,3.15357318878956e-08,2.74206309334663e-06,"ENSG00000105516"
"ENSG00000126458",515.598362085551,0.887409942313737,0.213966666216612,4.14742145589799,3.36240764961087e-05,0.000919181425424573,"ENSG00000126458"
"ENSG00000167625",149.583301484692,-1.18038574608926,0.156595606390043,-7.53779606784875,4.77980550178825e-14,2.06508379440303e-11,"ENSG00000167625"
"ENSG00000213799",118.62068005976,-0.742793956350908,0.216063596619563,-3.43784870738217,0.000586355208290406,0.00846276209844846,"ENSG00000213799"
"ENSG00000198346",41.089938370283,-1.03973860910945,0.263444873469614,-3.94670275954099,7.92348238500097e-05,0.0018120976860703,"ENSG00000198346"
"ENSG00000099795",592.358589112558,0.500621730677508,0.138164862796406,3.62336501875447,0.00029079498929903,0.00497782912775963,"ENSG00000099795"
"ENSG00000090659",7.76233947894984,-2.2412901508412,0.560308703134333,-4.00009876395557,6.33160536823428e-05,0.00152897114323558,"ENSG00000090659"
"ENSG00000105011",153.682787725372,1.12849453373203,0.261294735020774,4.3188567639616,1.56839527346935e-05,0.000487319181132192,"ENSG00000105011"
"ENSG00000129347",577.857966792177,-0.49217353787552,0.0916545091078491,-5.36987806346094,7.87898974430055e-08,6.05051023206147e-06,"ENSG00000129347"
"ENSG00000129355",1250.62935897921,0.54965596935966,0.116127618380733,4.73320625208702,2.21000713832456e-06,9.82587961231817e-05,"ENSG00000129355"
"ENSG00000105732",381.899509404907,-0.562078621141543,0.150867738677279,-3.7256382714391,0.000194821621496728,0.00370515301973776,"ENSG00000105732"
"ENSG00000126262",190.192627943529,2.00917239682086,0.438426197108853,4.58269238943772,4.59027051346882e-06,0.000179227968928643,"ENSG00000126262"
"ENSG00000167645",628.057674132781,0.555677563589917,0.152169945654665,3.65169062260806,0.000260519616868884,0.00463939683302169,"ENSG00000167645"
"ENSG00000204604",291.420198155904,-0.883837839713792,0.133338083093457,-6.62854766776799,3.39005653649596e-11,6.67069144617037e-09,"ENSG00000204604"
"ENSG00000075702",47.0397907410518,1.23658866489012,0.326976698221078,3.78188620662512,0.00015564451300733,0.00308095523058534,"ENSG00000075702"
"ENSG00000170906",339.969763464921,0.536560880700976,0.131123273535884,4.09203390238833,4.27606116402891e-05,0.00113159040710933,"ENSG00000170906"
"ENSG00000170889",1888.54748286958,0.401989893095603,0.114280674343237,3.51756668750698,0.000435522901292177,0.00672633816895702,"ENSG00000170889"
"ENSG00000131042",3501.81153359471,0.842475491959888,0.227294028125768,3.70654477333527,0.000210106106351296,0.00390612605951885,"ENSG00000131042"
"ENSG00000104880",1077.39187514867,-0.642841622759611,0.157684781037179,-4.0767512155028,4.56693105133077e-05,0.0011895568507752,"ENSG00000104880"
"ENSG00000188321",177.132586794919,-0.788728654895106,0.168230140781519,-4.68839086284443,2.75361702145404e-06,0.000117436447820553,"ENSG00000188321"
"ENSG00000130202",201.889877741576,0.970197320978032,0.281109898565679,3.45130970459709,0.000557873006010298,0.00818842121866653,"ENSG00000130202"
"ENSG00000188868",34.1539953055988,-1.80545909559856,0.268901124916378,-6.71421176151649,1.89085544519137e-11,4.13320861471505e-09,"ENSG00000188868"
"ENSG00000180855",19.0527515098055,-1.38766674795207,0.409399125975378,-3.38952054342083,0.000700149625501481,0.00963626984571775,"ENSG00000180855"
"ENSG00000183397",24.2239277725397,-1.41678838364957,0.376128701211761,-3.76676488416107,0.000165376608971507,0.00324772206195625,"ENSG00000183397"
"ENSG00000105700",760.165044492332,0.314379876310789,0.0930111958868104,3.38002187062913,0.000724800620311353,0.00991375604134055,"ENSG00000105700"
"ENSG00000198093",54.4789992683696,-0.842665161906118,0.234251217824845,-3.59727121050102,0.000321573136149137,0.00534807071784765,"ENSG00000198093"
"ENSG00000166289",325.500474728298,-1.08144846603791,0.167496532000019,-6.45654243180261,1.07122156575622e-10,1.85125716502949e-08,"ENSG00000166289"
"ENSG00000105711",23.6032927178403,1.17580543861759,0.340934335316537,3.44877390400098,0.000563138010645617,0.00821718415827533,"ENSG00000105711"
"ENSG00000171291",48.2421990100817,-0.854688587250599,0.250703715218749,-3.40915804340932,0.000651637163670226,0.00912905844912288,"ENSG00000171291"
"ENSG00000188283",73.2373774680892,-0.726596616494395,0.208637906949799,-3.48257240075373,0.000496620910648524,0.00749418677162396,"ENSG00000188283"
"ENSG00000083814",193.220785325582,-0.890696641229396,0.207830539892454,-4.28568699138397,1.82175339079723e-05,0.000554449110087354,"ENSG00000083814"
"ENSG00000152443",81.5121068034321,-0.711135898790084,0.192390695617538,-3.69631128214111,0.000218754731917342,0.00402935132448264,"ENSG00000152443"
"ENSG00000180257",64.8302585749,-1.25021895331498,0.266411868631555,-4.69280501554539,2.69484313524777e-06,0.000115674540971737,"ENSG00000180257"
"ENSG00000267680",294.36593280043,-0.726887168871968,0.149555783547507,-4.86030798428513,1.17203273993782e-06,5.8672490361522e-05,"ENSG00000267680"
"ENSG00000263002",63.7360536882339,-1.07808773709825,0.228735706147325,-4.7132463717924,2.43801127546829e-06,0.00010625665808916,"ENSG00000263002"
"ENSG00000131115",114.797090322376,-0.853264219518359,0.190570863788461,-4.47741172263094,7.55534528707019e-06,0.000273008967700423,"ENSG00000131115"
"ENSG00000105379",185.117055704332,0.649109324852445,0.149131513253201,4.35259664904199,1.34534531324135e-05,0.000428483858258951,"ENSG00000105379"
"ENSG00000248385",6.88158618246337,3.36249912784092,0.968723087742637,3.47106326914988,0.000518401839579744,0.00774415159795687,"ENSG00000248385"
"ENSG00000176293",88.3712556162011,-0.941637711522898,0.277503033494443,-3.39325195716016,0.00069068078131442,0.00953897835152382,"ENSG00000176293"
"ENSG00000011590",82.921714328967,1.67232669181043,0.32032235127979,5.22076178926932,1.78188622301091e-07,1.23390964446407e-05,"ENSG00000011590"
"ENSG00000189042",84.9841614843483,-1.08596357485519,0.188817305355625,-5.75139854268044,8.85081907617709e-09,8.97454991428283e-07,"ENSG00000189042"
"ENSG00000167562",119.095903533505,-0.739241438021254,0.206264656823458,-3.5839462242626,0.00033844179446645,0.00553596067755245,"ENSG00000167562"
"ENSG00000161298",44.2273988456724,-0.953932890701663,0.249266257622963,-3.82696358423517,0.000129733698729947,0.00264987413007088,"ENSG00000161298"
"ENSG00000105048",117.084902762683,2.77443938770422,0.81676942093492,3.39684532328406,0.000681674868355406,0.00945401698094581,"ENSG00000105048"
"ENSG00000105136",47.4766844958077,-1.40800426931699,0.301929214475495,-4.66335883317204,3.1108961126868e-06,0.000129886448200709,"ENSG00000105136"
"ENSG00000130724",1279.19454476056,0.540023497682921,0.141648935636424,3.81240773364525,0.000137619608895336,0.00279372023205914,"ENSG00000130724"
"ENSG00000205138",150.061714141374,-0.819598293132266,0.186574605028214,-4.39287165050317,1.11863174086347e-05,0.000366859525048193,"ENSG00000205138"
"ENSG00000105755",306.040866746993,0.41314946850537,0.113910476178502,3.62696638944736,0.000286770605451351,0.00493871664882162,"ENSG00000105755"
"ENSG00000189190",327.648593453997,-1.72711717177213,0.339324299428403,-5.08987176774985,3.58305732620391e-07,2.19106711695312e-05,"ENSG00000189190"
"ENSG00000161888",44.9774252949746,1.49501041779595,0.341007964242083,4.38409238071237,1.16470343656495e-05,0.000379464198332654,"ENSG00000161888"
"ENSG00000186019",176.711000452164,-0.608706781177943,0.137682112906157,-4.42110284574753,9.81984183156487e-06,0.000331340469542479,"ENSG00000186019"
"ENSG00000186152",7.35043368395898,3.70894393537112,0.966551256866241,3.83729668656816,0.000124396149070077,0.00256990547465562,"ENSG00000186152"
"ENSG00000268500",204.339629670557,-1.05812665573455,0.312944340707936,-3.38119760638866,0.000721706209392348,0.00988503735731463,"ENSG00000268500"
"ENSG00000105708",83.2538846959496,-0.744329640467471,0.209942356402673,-3.54540004800095,0.000392017630469218,0.00622281021401376,"ENSG00000105708"
"ENSG00000276043",134.09688918429,3.11493272228889,0.394875132286187,7.88839931310573,3.06087032270884e-15,1.78916872922104e-12,"ENSG00000276043"
"ENSG00000105404",181.303626353613,0.575499701442108,0.131331675933529,4.3820327225047,1.17577144380511e-05,0.000382443235256673,"ENSG00000105404"
"ENSG00000251369",192.269444063452,-1.30580315726316,0.259549341206061,-5.03104015288737,4.87825958331866e-07,2.86835890410873e-05,"ENSG00000251369"
"ENSG00000077312",391.781827531258,0.424135480442222,0.120014606316988,3.53403217706665,0.000409271250272036,0.006414713586677,"ENSG00000077312"
"ENSG00000142227",3211.50705286958,0.466568203588876,0.109426292345305,4.26376690271637,2.0100913811578e-05,0.000603452509201362,"ENSG00000142227"
"ENSG00000099341",1234.20596543352,0.504377787536671,0.104950092994811,4.8058822354889,1.54070573616498e-06,7.41404014540988e-05,"ENSG00000099341"
"ENSG00000242779",17.204174697074,-2.46245976897665,0.606782370602373,-4.0582256312623,4.94469822153619e-05,0.00126296206524923,"ENSG00000242779"
"ENSG00000204611",46.4500641303288,-1.12439478637787,0.253990342308017,-4.42691944961554,9.55884072888099e-06,0.000326421776649708,"ENSG00000204611"
"ENSG00000089335",172.174955870156,-0.593923731813493,0.168598776900718,-3.52270486614049,0.000427166756439018,0.00663761698003835,"ENSG00000089335"
"ENSG00000197841",91.4647084491205,-1.12979298034489,0.21886589249792,-5.16203309456099,2.44282088882245e-07,1.57625397222264e-05,"ENSG00000197841"
"ENSG00000081665",126.580053594315,-0.771219111149714,0.172548949941678,-4.46956710782877,7.83780656251947e-06,0.000280419024769036,"ENSG00000081665"
"ENSG00000182318",55.5837837941204,-0.97756594260764,0.244732785602435,-3.99442167178893,6.48523562118099e-05,0.00155286232211266,"ENSG00000182318"
"ENSG00000152475",49.8874688848925,-0.858689337763586,0.216144530395786,-3.97275534195209,7.1046011778034e-05,0.00165650286842577,"ENSG00000152475"
"ENSG00000167460",2095.12927564283,0.633230502954563,0.171293198482889,3.69676384446646,0.000218365297861946,0.00402935132448264,"ENSG00000167460"
"ENSG00000279198",355.427232665663,0.550546489366806,0.141794169502696,3.8827159910573,0.00010329619192034,0.00224853068808854,"ENSG00000279198"
"ENSG00000167766",257.487620387193,-0.925659951647618,0.267809010191157,-3.45641825488582,0.000547405212293601,0.0080881725065981,"ENSG00000167766"
"ENSG00000069399",657.938792139376,0.911294479798308,0.23029723735616,3.957036090663,7.58854692059303e-05,0.00174959143271306,"ENSG00000069399"
"ENSG00000211668",298.847523512961,3.40936632225734,0.453746865615155,7.51380688356973,5.74322872933741e-14,2.3926272673168e-11,"ENSG00000211668"
"ENSG00000100307",220.623622748438,-0.912328095833999,0.231263845493917,-3.94496638195008,7.9811174881451e-05,0.00182108758851201,"ENSG00000100307"
"ENSG00000075218",26.5206686878825,2.92816843554265,0.493687714892679,5.93121592296295,3.00699460671778e-09,3.54190424087493e-07,"ENSG00000075218"
"ENSG00000075234",888.36038479307,0.883945860049079,0.189092704886126,4.67466928764598,2.94427684181055e-06,0.000124234730263573,"ENSG00000075234"
"ENSG00000198355",1476.37140120546,0.806019886333435,0.19992311294177,4.031649339955,5.53867843852579e-05,0.00138112541138346,"ENSG00000198355"
"ENSG00000100311",40.0714694832929,-1.65219751329897,0.4358707133902,-3.79056785083859,0.000150303265800027,0.00301121683922352,"ENSG00000100311"
"ENSG00000100290",32.5327207712332,1.33784685273896,0.253591722030913,5.27559354865645,1.32327085980999e-07,9.45995865750495e-06,"ENSG00000100290"
"ENSG00000100105",233.35754846044,-0.590812250822699,0.171988155440557,-3.43519150670173,0.000592135216345695,0.00851526431957623,"ENSG00000100105"
"ENSG00000133422",306.618084938386,-0.56720798499676,0.136504631505856,-4.15522886468821,3.24962097755716e-05,0.000896452786158758,"ENSG00000133422"
"ENSG00000184983",574.692581682866,0.531960777026012,0.154964439682887,3.43279256915067,0.000597398956385164,0.0085599905257381,"ENSG00000184983"
"ENSG00000221890",38.1494031637608,-1.9229368469587,0.408452997057765,-4.70785343922143,2.50338981022476e-06,0.000108629626830583,"ENSG00000221890"
"ENSG00000128383",1640.24821748278,1.67146629970962,0.464361909369252,3.59949053956642,0.000318841232031788,0.0053159820850669,"ENSG00000128383"
"ENSG00000179750",104.316559065201,2.56323204086496,0.427300386102308,5.9986653984704,1.98945815675057e-09,2.41088362239395e-07,"ENSG00000179750"
"ENSG00000249310",214.034709221301,2.02278247152757,0.52738982972423,3.83545976338844,0.000125329624067055,0.00258277676876036,"ENSG00000249310"
"ENSG00000184164",614.385725171669,0.825212650349188,0.215237149354259,3.83396942779135,0.000126091820102063,0.00259414993033995,"ENSG00000184164"
"ENSG00000167074",62.090346260311,-1.17955935814616,0.249574538973389,-4.72628082575334,2.2866935518008e-06,0.000100990550329976,"ENSG00000167074"
"ENSG00000100418",206.121473809974,0.630081294861938,0.176521783299259,3.56942516150403,0.000357765400495187,0.00576660954537011,"ENSG00000100418"
"ENSG00000070010",551.863375860302,0.585016504520581,0.154510693220509,3.78625253907624,0.000152936250202067,0.00303641861789798,"ENSG00000070010"
"ENSG00000273212",84.5806012392307,0.750273980563207,0.198855415164454,3.77296227986916,0.000161320685035476,0.00317748988542621,"ENSG00000273212"
"ENSG00000093009",62.3686669801511,2.97679469170657,0.417835819943775,7.12431665649712,1.04598320312704e-12,3.24810471546044e-10,"ENSG00000093009"
"ENSG00000215012",146.824335832638,-0.801080030823752,0.160823672741966,-4.98110767628747,6.32213480461681e-07,3.52938503109423e-05,"ENSG00000215012"
"ENSG00000188130",8.96335615316665,2.05783868704341,0.517909623481561,3.97335479732919,7.08673664571349e-05,0.00165501532428801,"ENSG00000188130"
"ENSG00000100298",29.7917332560234,1.35691912412803,0.289599761852911,4.68549806618011,2.79279935802627e-06,0.000118852450624013,"ENSG00000100298"
"ENSG00000128309",241.696072968306,0.609563948013617,0.169751237751549,3.59092490922386,0.000329506567608938,0.00543904777795684,"ENSG00000128309"
"ENSG00000100142",383.089886506019,0.371206539764041,0.106582590729381,3.48280649985845,0.000496186866784449,0.00749332658850619,"ENSG00000100142"
"ENSG00000128228",542.819197913872,1.03739504313255,0.234745937655488,4.41922468816063,9.90556210461593e-06,0.000333101761873328,"ENSG00000128228"
"ENSG00000099910",168.470912399909,-0.919855313748223,0.15754547394884,-5.83866543857002,5.26206151221341e-09,5.8423581281413e-07,"ENSG00000099910"
"ENSG00000099992",240.546842146003,-0.779273580773102,0.19191312036744,-4.06055395942233,4.89564208256889e-05,0.00125543213869644,"ENSG00000099992"
"ENSG00000099958",261.851769857909,2.08484240614716,0.303096178097118,6.87848464218883,6.04925704102616e-12,1.54131967222249e-09,"ENSG00000099958"
"ENSG00000099940",698.002786078147,0.438893321509839,0.111196367393154,3.94701132599102,7.91328148603314e-05,0.00181184972642192,"ENSG00000099940"
"ENSG00000253239",11.9937357792588,2.57048616200799,0.602328525084076,4.26758165180569,1.97603454051907e-05,0.000595928838517085,"ENSG00000253239"
"ENSG00000211637",220.883016474741,2.98197794608024,0.50885898566011,5.86012634170528,4.62515142975003e-09,5.22217449872164e-07,"ENSG00000211637"
"ENSG00000211640",438.503178365608,4.81953413201317,0.792184718633439,6.08385142839808,1.17329335192099e-09,1.49474564590242e-07,"ENSG00000211640"
"ENSG00000211644",13.0359226882276,2.76671554993403,0.778164830204685,3.55543638383951,0.000377352245233473,0.0060374849874441,"ENSG00000211644"
"ENSG00000223350",94.2739699247414,4.67307980849286,0.60099240131397,7.77560547899765,7.50873823527892e-15,4.0332071267009e-12,"ENSG00000223350"
"ENSG00000211648",489.963151458915,2.9639548473028,0.708852166235745,4.18134413419718,2.89790872366397e-05,0.000813460988334713,"ENSG00000211648"
"ENSG00000211649",88.0632967245944,3.60465609493291,0.571999342513361,6.30185356349202,2.94106974642554e-10,4.53747117898941e-08,"ENSG00000211649"
"ENSG00000211650",65.488696520821,3.29459779340108,0.577860723230069,5.70137000311296,1.18848352032596e-08,1.17512047178896e-06,"ENSG00000211650"
"ENSG00000211651",458.411791618936,3.27399198457553,0.663093597389609,4.937450757275,7.9150383209833e-07,4.2399857571758e-05,"ENSG00000211651"
"ENSG00000211652",57.8435033047803,2.81761608102522,0.542357782242008,5.19512427640976,2.04583126191076e-07,1.35982777589346e-05,"ENSG00000211652"
"ENSG00000211653",650.825791601944,3.52772779032852,0.411306296470145,8.57688739657935,9.74749599139492e-18,1.28073715660694e-14,"ENSG00000211653"
"ENSG00000211655",24.9410904564175,3.89585198973604,0.656868210830797,5.9309492003101,3.01188395243969e-09,3.54190424087493e-07,"ENSG00000211655"
"ENSG00000128272",1176.30288063754,0.481044092427374,0.135456614256204,3.55127798719023,0.000383365271969596,0.00610986480763732,"ENSG00000128272"
"ENSG00000100206",4.92629876711708,3.75621074387675,0.990381787354947,3.79268963932446,0.000149024364277821,0.00298860768482081,"ENSG00000100206"
"ENSG00000159307",29.1911579620519,4.10177140076239,1.05795059722545,3.87709162556322,0.000105712555627126,0.00229359315560425,"ENSG00000159307"
"ENSG00000100211",40.4628552307842,-1.15790626848026,0.244050833210648,-4.74452905260453,2.08991984207416e-06,9.39707396863842e-05,"ENSG00000100211"
"ENSG00000128284",687.846268730637,-0.610156621664979,0.140300767316179,-4.34891863627475,1.36810454336895e-05,0.000433700272996701,"ENSG00000128284"
"ENSG00000211658",32.2933223670329,4.22769016487246,0.623545246343057,6.78008563078116,1.20104674038981e-11,2.77553522308222e-09,"ENSG00000211658"
"ENSG00000211659",1006.58043189563,4.34071056841552,0.947292539475423,4.58222817929005,4.6004750290991e-06,0.000179274197506501,"ENSG00000211659"
"ENSG00000211660",388.870024156046,3.53016014015101,0.697861418336066,5.05854034539994,4.224778710573e-07,2.54434097254327e-05,"ENSG00000211660"
"ENSG00000211662",415.272229379141,2.97603399328594,0.745652958840894,3.991178413497,6.57457952767974e-05,0.0015683735852818,"ENSG00000211662"
"ENSG00000211663",947.799312533536,5.3564205381913,0.789611823069123,6.78361237977866,1.17207541661351e-11,2.74045021526788e-09,"ENSG00000211663"
"ENSG00000211665",12.3263665120759,2.34195974689415,0.630418738739555,3.71492724276663,0.000203262170357636,0.00382877080879965,"ENSG00000211665"
"ENSG00000211666",763.973363501217,3.11225831318058,0.451549156120414,6.89240201425741,5.48580781977459e-12,1.41629035481159e-09,"ENSG00000211666"
"ENSG00000185022",226.268205145461,1.31239705433384,0.322400778192567,4.07070064064784,4.68719509836275e-05,0.00121355337284181,"ENSG00000185022"
"ENSG00000100097",2201.21456752964,1.2581954366,0.250643389046486,5.01986284731671,5.17083854919952e-07,2.95127734362488e-05,"ENSG00000100097"
"ENSG00000211670",58.4377211713151,3.11364685029533,0.613126128178522,5.07831375502683,3.80799468020818e-07,2.31437572704763e-05,"ENSG00000211670"
"ENSG00000253234",11.2028004825585,2.74485355929001,0.601596719406039,4.56261390853333,5.05206678998515e-06,0.000192346312996485,"ENSG00000253234"
"ENSG00000211673",404.479578824988,4.71117476536437,0.750885727242355,6.27415676505966,3.51534189074563e-10,5.29272005580898e-08,"ENSG00000211673"
"ENSG00000254709",83.8096455459393,1.87172784009514,0.332958738708471,5.62150087231672,1.89305542798567e-08,1.72580658604528e-06,"ENSG00000254709"
"ENSG00000211677",6402.39770945518,3.72649444919565,0.694696682778704,5.36420360363622,8.13071504462631e-08,6.19118125658634e-06,"ENSG00000211677"
"ENSG00000211679",3908.91711103889,3.72304959904138,0.395033033909793,9.42465383766246,4.31526598851506e-21,1.4293599375958e-17,"ENSG00000211679"
"ENSG00000222037",28.2131526340905,3.66336411934721,0.70484795645829,5.19738205350673,2.0211469699691e-07,1.34792868728745e-05,"ENSG00000222037"
"ENSG00000291035",61.8708901016985,-0.907755182784197,0.219673831977604,-4.13228637481383,3.59172531331061e-05,0.00097516323602097,"ENSG00000291035"
"ENSG00000100376",395.208109967863,-1.3556165649,0.378820155752081,-3.57852280116578,0.00034554172702425,0.0056308700127821,"ENSG00000100376"
"ENSG00000157557",872.825231973001,1.34720107977821,0.266094231005509,5.06287218136013,4.12986757300062e-07,2.49474128102779e-05,"ENSG00000157557"
"ENSG00000156239",65.1402762595844,-1.02728664414236,0.232871429791612,-4.4113897744418,1.02709236505518e-05,0.000341916811777331,"ENSG00000156239"
"ENSG00000154736",13.7796970596072,-2.45154856808998,0.660735780306564,-3.71033118102447,0.000206988289095951,0.00386988265051074,"ENSG00000154736"
"ENSG00000214889",6.69162402822541,-1.98369361350006,0.584092250576209,-3.396199164675,0.000683286218057763,0.0094583639464762,"ENSG00000214889"
"ENSG00000184900",851.673468831111,0.38038523456021,0.106770699540678,3.56263690503675,0.000367148328667622,0.00589871130472136,"ENSG00000184900"
"ENSG00000155307",523.538661967219,0.935633849855072,0.258578016129908,3.61838126789949,0.000296451448372201,0.00504777713093793,"ENSG00000155307"
"ENSG00000185917",126.531651946153,-0.570142622961771,0.151808878505645,-3.75566059491423,0.000172884857991231,0.00336524355310257,"ENSG00000185917"
"ENSG00000160185",252.246070326919,-1.14774431225541,0.317817587791878,-3.61133038680983,0.000304630287157647,0.00512201550505167,"ENSG00000160185"
"ENSG00000154723",549.569581110945,0.603238497458362,0.161465854252937,3.73601279508537,0.000186961159098763,0.00357619449078809,"ENSG00000154723"
"ENSG00000205622",93.4438879642612,1.2448092011996,0.250968127778456,4.96002903722685,7.0482643184046e-07,3.89103347399925e-05,"ENSG00000205622"
"ENSG00000236830",50.6192687472013,-1.21309838784538,0.314700550532026,-3.85477046606543,0.000115838258855018,0.00243873893695406,"ENSG00000236830"
"ENSG00000277836",32.2234018770234,3.77441824525508,1.04436369737274,3.61408411145485,0.000301411208099562,0.00508078570803282,"ENSG00000277836"
"ENSG00000275063",485.165121504277,4.86964420007516,1.02198316309884,4.7648966987964,1.88950427259544e-06,8.73302509617713e-05,"ENSG00000275063"
